City_ID,City,Country,Date,Lat,Lng,Max Temp,Humidity,Cloudiness,Wind Speed
0,Padang,ID,2022-02-09 21:10:31,-0.9492,100.3543,75.31,64,100,7.2
1,Fairbanks,US,2022-02-09 21:10:14,64.8378,-147.7164,-5.4,74,100,3.44
2,Dikson,RU,2022-02-09 21:08:15,73.5069,80.5464,1.49,95,99,22.26
3,Pevek,RU,2022-02-09 21:10:31,69.7008,170.3133,-32.75,100,100,5.17
4,Bluff,NZ,2022-02-09 21:10:32,-46.6,168.3333,59.81,96,78,5.08
5,Nikolskoye,RU,2022-02-09 21:10:32,59.7035,30.7861,35.71,89,100,9.46
6,East London,ZA,2022-02-09 21:05:40,-33.0153,27.9116,69.89,79,0,6.22
7,Cherskiy,RU,2022-02-09 21:06:53,68.75,161.3,-45.51,100,84,4.09
8,Rikitea,PF,2022-02-09 21:05:48,-23.1203,-134.9692,79.0,68,0,15.26
9,Port Elizabeth,ZA,2022-02-09 21:05:38,-33.918,25.5701,65.68,86,2,7.25
10,Albany,US,2022-02-09 21:05:39,42.6001,-73.9662,43.92,57,32,3.0
11,Qaanaaq,GL,2022-02-09 21:05:37,77.484,-69.3632,-21.23,80,99,5.12
12,Barrow,US,2022-02-09 21:06:59,71.2906,-156.7887,-23.78,69,0,16.11
13,Xuddur,SO,2022-02-09 21:10:34,4.1213,43.8894,73.94,40,86,16.11
14,Port Alfred,ZA,2022-02-09 21:05:39,-33.5906,26.891,66.97,85,3,7.25
15,Puerto Ayora,EC,2022-02-09 21:05:49,-0.7393,-90.3518,82.36,75,65,7.72
16,Georgetown,MY,2022-02-09 21:05:15,5.4112,100.3354,78.89,93,20,4.61
17,Makakilo City,US,2022-02-09 21:10:35,21.3469,-158.0858,79.29,55,100,11.5
18,Punta Arenas,CL,2022-02-09 21:01:10,-53.15,-70.9167,51.12,50,57,26.13
19,Tenenkou,ML,2022-02-09 21:10:35,14.4572,-4.9169,77.97,10,0,11.34
20,Ancud,CL,2022-02-09 21:10:35,-41.8697,-73.8203,65.43,71,100,9.06
21,Nemuro,JP,2022-02-09 21:10:36,43.3236,145.575,19.94,78,9,7.02
22,Saint-Philippe,RE,2022-02-09 21:10:36,-21.3585,55.7679,72.99,82,90,6.02
23,Mananara,MG,2022-02-09 21:07:19,-16.1667,49.7667,76.21,93,13,1.9
24,Khatanga,RU,2022-02-09 21:06:56,71.9667,102.5,-3.26,94,100,14.05
25,Gorontalo,ID,2022-02-09 21:10:37,0.5412,123.0595,74.88,94,100,2.66
26,Luganville,VU,2022-02-09 21:10:37,-15.5333,167.1667,81.14,81,100,8.1
27,Santa Cruz De La Palma,ES,2022-02-09 21:10:38,28.6835,-17.7642,71.13,64,0,1.14
28,Las Palmas,ES,2022-02-09 21:10:38,28.4204,-14.0131,66.99,68,100,5.75
29,Khor,RU,2022-02-09 21:10:39,47.8861,134.9464,-7.15,99,94,6.46
30,Hasaki,JP,2022-02-09 21:09:26,35.7333,140.8333,39.6,61,100,14.99
31,Hobart,AU,2022-02-09 21:10:31,-42.8794,147.3294,63.1,76,75,9.22
32,Salekhard,RU,2022-02-09 21:10:39,66.53,66.6019,-7.56,100,99,2.66
33,Tuktoyaktuk,CA,2022-02-09 21:10:40,69.4541,-133.0374,-20.31,87,100,15.08
34,Huichapan,MX,2022-02-09 21:10:40,20.3833,-99.65,65.98,24,3,9.8
35,Mar Del Plata,AR,2022-02-09 21:07:00,-38.0023,-57.5575,73.42,69,0,13.8
36,Ushuaia,AR,2022-02-09 21:05:37,-54.8,-68.3,53.22,46,75,13.8
37,Jamestown,US,2022-02-09 21:01:03,42.097,-79.2353,34.9,100,100,13.15
38,Norman Wells,CA,2022-02-09 21:10:41,65.282,-126.8329,-7.56,59,100,26.46
39,Vila Franca Do Campo,PT,2022-02-09 21:10:41,37.7167,-25.4333,60.19,78,3,8.46
40,Kapaa,US,2022-02-09 21:06:59,22.0752,-159.319,78.78,67,0,6.91
41,Kloulklubed,PW,2022-02-09 21:10:42,7.0419,134.2556,81.55,80,100,12.17
42,Yumen,CN,2022-02-09 21:01:24,40.2833,97.2,22.69,44,100,13.29
43,Deputatskiy,RU,2022-02-09 21:07:03,69.3,139.9,-27.51,85,100,6.53
44,Agadez,NE,2022-02-09 21:10:43,19.75,10.25,64.6,11,0,9.33
45,Casino,AU,2022-02-09 21:10:43,-28.8667,153.05,64.71,89,0,1.88
46,Ponta Do Sol,PT,2022-02-09 21:11:43,32.6667,-17.1,68.63,31,100,6.42
47,Tiarei,PF,2022-02-09 21:11:44,-17.5333,-149.3333,84.22,76,19,17.18
48,Houston,US,2022-02-09 21:09:09,29.7633,-95.3633,72.25,37,0,8.05
49,Chandbali,IN,2022-02-09 21:11:44,20.7833,86.7667,67.53,71,23,5.06
50,Poum,NC,2022-02-09 21:11:45,-20.2333,164.0167,81.16,87,100,29.01
51,Bredasdorp,ZA,2022-02-09 21:07:07,-34.5322,20.0403,66.27,84,69,6.89
52,Guerrero Negro,MX,2022-02-09 21:11:45,27.9769,-114.0611,72.77,24,61,7.81
53,Severo-Kurilsk,RU,2022-02-09 21:08:58,50.6789,156.125,30.6,92,100,21.07
54,Castro,BR,2022-02-09 21:11:46,-24.7911,-50.0119,71.31,77,4,4.43
55,Kyaikkami,MM,2022-02-09 21:11:46,16.08,97.5675,74.52,47,7,6.26
56,Bambous Virieux,MU,2022-02-09 21:11:47,-20.3428,57.7575,74.21,75,59,7.61
57,Upernavik,GL,2022-02-09 21:05:47,72.7868,-56.1549,-12.14,70,100,9.28
58,La Ciotat,FR,2022-02-09 21:11:47,43.1748,5.6045,49.55,88,9,2.55
59,Beringovskiy,RU,2022-02-09 21:11:48,63.05,179.3167,-20.72,88,9,6.71
60,Salalah,OM,2022-02-09 21:09:14,17.0151,54.0924,68.09,19,0,6.91
61,Astoria,US,2022-02-09 21:07:43,46.1879,-123.8313,58.62,77,0,6.91
62,Cabo San Lucas,MX,2022-02-09 21:11:48,22.8909,-109.9124,82.51,38,20,7.0
63,Avarua,CK,2022-02-09 21:11:49,-21.2078,-159.775,82.45,74,20,12.66
64,Yellowknife,CA,2022-02-09 21:07:02,62.456,-114.3525,-6.59,83,100,10.0
65,Provideniya,RU,2022-02-09 21:11:49,64.3833,-173.3,-0.29,60,0,17.9
66,Ribeira Grande,PT,2022-02-09 21:11:50,38.5167,-28.7,59.4,72,20,12.66
67,Wewak,PG,2022-02-09 21:11:50,-3.5534,143.6268,78.69,85,64,1.72
68,Aswan,EG,2022-02-09 21:11:51,24.0934,32.907,60.01,35,0,15.3
69,Codrington,AU,2022-02-09 21:11:42,-38.2667,141.9667,60.82,74,73,7.4
70,Karratha,AU,2022-02-09 21:11:52,-20.7377,116.8463,83.88,70,49,1.79
71,Caravelas,BR,2022-02-09 21:11:53,-17.7125,-39.2481,79.25,80,5,8.52
72,Vaini,TO,2022-02-09 21:11:53,-21.2,-175.2,80.71,81,80,15.14
73,Esperance,AU,2022-02-09 21:11:53,-33.8667,121.9,60.64,88,21,8.5
74,Belogorsk,RU,2022-02-09 21:11:54,50.9158,128.4611,2.57,97,100,6.73
75,Pisco,PE,2022-02-09 21:11:54,-13.7,-76.2167,75.02,83,20,8.05
76,Cape Town,ZA,2022-02-09 21:05:44,-33.9258,18.4232,69.89,80,45,3.2
77,Port Hedland,AU,2022-02-09 21:10:51,-20.3167,118.5667,78.85,94,17,6.91
78,Porbandar,IN,2022-02-09 21:11:55,21.6422,69.6093,68.68,61,0,10.07
79,Tiznit,MA,2022-02-09 21:11:55,29.5833,-9.5,62.74,27,8,5.68
80,Katsuura,JP,2022-02-09 21:07:07,35.1333,140.3,41.14,70,100,16.84
81,Cairns,AU,2022-02-09 21:09:38,-16.9167,145.7667,76.06,91,17,2.3
82,San Jose,US,2022-02-09 21:10:00,37.3394,-121.895,76.71,31,75,6.91
83,Kikwit,CD,2022-02-09 21:11:56,-5.041,18.8162,75.02,71,55,2.15
84,Ulladulla,AU,2022-02-09 21:11:56,-35.35,150.4667,72.88,54,4,3.67
85,Srednekolymsk,RU,2022-02-09 21:11:56,67.45,153.6833,-43.28,99,93,6.55
86,Itarema,BR,2022-02-09 21:11:57,-2.9248,-39.9167,80.8,73,26,11.59
87,Asau,RO,2022-02-09 21:11:57,46.4333,26.4,38.32,89,18,6.76
88,Bambanglipuro,ID,2022-02-09 21:11:58,-7.95,110.2833,75.27,94,100,21.14
89,Busselton,AU,2022-02-09 21:01:23,-33.65,115.3333,58.08,73,7,10.58
90,Hualmay,PE,2022-02-09 21:12:58,-11.0964,-77.6139,73.87,70,75,8.61
91,Hithadhoo,MV,2022-02-09 21:05:36,-0.6,73.0833,82.13,73,46,12.03
92,Kettering,US,2022-02-09 21:12:17,39.6895,-84.1688,50.36,53,0,11.5
93,Bafq,IR,2022-02-09 21:12:59,31.6128,55.4107,54.45,16,0,4.99
94,Atuona,PF,2022-02-09 21:12:59,-9.8,-139.0333,78.51,77,23,17.02
95,Vasilsursk,RU,2022-02-09 21:13:00,56.1275,46.0072,24.1,98,100,0.81
96,Katangli,RU,2022-02-09 21:13:00,51.7102,143.2326,12.54,94,100,9.66
97,Suruc,TR,2022-02-09 21:09:11,36.9761,38.425,52.0,76,90,13.98
98,Fuling,CN,2022-02-09 21:13:01,29.7022,107.3919,43.34,85,96,1.28
99,Lugovoy,KZ,2022-02-09 21:13:01,42.9472,72.7644,22.82,73,12,6.67
100,Westport,US,2022-02-09 21:05:28,41.1415,-73.3579,47.05,63,0,6.91
101,Winnemucca,US,2022-02-09 21:13:02,40.973,-117.7357,55.45,30,0,4.61
102,Akyab,MM,2022-02-09 21:13:02,20.15,92.9,63.68,48,0,8.21
103,Vao,NC,2022-02-09 21:13:03,-22.6667,167.4833,81.03,86,100,28.48
104,Isangel,VU,2022-02-09 21:13:03,-19.55,169.2667,78.55,97,100,34.11
105,Mahebourg,MU,2022-02-09 21:13:03,-20.4081,57.7,74.25,75,61,7.49
106,Port Blair,IN,2022-02-09 21:13:04,11.6667,92.75,76.82,78,38,9.69
107,Chuy,UY,2022-02-09 21:12:28,-33.6971,-53.4616,72.3,60,46,11.03
108,Saskylakh,RU,2022-02-09 21:13:04,71.9167,114.0833,-9.11,97,52,7.56
109,Camacha,PT,2022-02-09 21:13:05,33.0833,-16.3333,65.16,82,0,6.91
110,Hilo,US,2022-02-09 21:01:45,19.7297,-155.09,76.8,71,100,4.61
111,Husavik,IS,2022-02-09 21:13:05,66.0449,-17.3389,21.94,65,100,18.28
112,Khandyga,RU,2022-02-09 21:13:06,62.6667,135.6,-39.41,100,72,0.92
113,Faanui,PF,2022-02-09 21:13:06,-16.4833,-151.75,80.58,78,30,15.23
114,Airai,TL,2022-02-09 21:06:56,-8.9266,125.4092,61.02,93,100,0.76
115,Ilulissat,GL,2022-02-09 21:13:06,69.2167,-51.1,17.62,53,100,14.97
116,Yulara,AU,2022-02-09 21:09:43,-25.2406,130.9889,75.04,50,0,9.22
117,Durban,ZA,2022-02-09 21:13:07,-29.8579,31.0292,77.02,85,75,1.01
118,Vrangel,RU,2022-02-09 21:10:46,42.7297,133.0839,27.32,85,52,3.87
119,Thompson,CA,2022-02-09 21:11:34,55.7435,-97.8558,0.37,79,32,3.76
120,Belaya Gora,RU,2022-02-09 21:07:03,68.5333,146.4167,-44.07,99,67,5.97
121,Palu,ID,2022-02-09 21:13:08,-0.8917,119.8707,75.22,95,100,1.45
122,Mount Gambier,AU,2022-02-09 21:07:06,-37.8333,140.7667,58.15,79,77,4.59
123,Mabaruma,GY,2022-02-09 21:13:09,8.2,-59.7833,79.45,69,61,5.66
124,Xapuri,BR,2022-02-09 21:13:09,-10.6517,-68.5044,86.0,63,89,0.6
125,Banff,CA,2022-02-09 21:13:10,51.1762,-115.5698,34.57,88,99,7.81
126,Sao Filipe,CV,2022-02-09 21:13:10,14.8961,-24.4956,76.68,60,66,3.94
127,Mataura,NZ,2022-02-09 21:13:10,-46.1927,168.8643,59.49,99,100,0.76
128,Lufilufi,WS,2022-02-09 21:13:11,-13.8745,-171.5986,81.79,79,100,14.34
129,Touros,BR,2022-02-09 21:09:34,-5.1989,-35.4608,83.3,66,86,14.79
130,Iskateley,RU,2022-02-09 21:13:11,67.6803,53.1512,13.42,84,38,21.56
131,Chokurdakh,RU,2022-02-09 21:06:59,70.6333,147.9167,-32.06,99,90,10.25
132,Loukhi,RU,2022-02-09 21:14:12,66.0764,33.0381,23.05,93,88,8.32
133,New Norfolk,AU,2022-02-09 21:14:12,-42.7826,147.0587,62.74,65,76,3.0
134,Bethel,US,2022-02-09 21:03:30,41.3712,-73.414,46.51,53,0,10.36
135,Ambasamudram,IN,2022-02-09 21:14:13,8.7,77.4667,81.75,80,64,1.83
136,Talnakh,RU,2022-02-09 21:13:22,69.4865,88.3972,-3.8,99,100,11.01
137,Inongo,CD,2022-02-09 21:14:05,-1.95,18.2667,78.89,55,84,2.33
138,Hermanus,ZA,2022-02-09 21:05:48,-34.4187,19.2345,68.9,90,54,6.96
139,Mandalgovi,MN,2022-02-09 21:14:13,45.7625,106.2708,0.81,91,73,8.59
140,Boende,CD,2022-02-09 21:14:14,-0.2167,20.8667,82.18,37,100,2.17
141,Faya,SA,2022-02-09 21:14:14,18.3851,42.4509,55.92,78,3,5.21
142,Narsaq,GL,2022-02-09 21:14:15,60.9167,-46.05,16.02,74,90,9.28
143,Pangnirtung,CA,2022-02-09 21:14:15,66.1451,-65.7125,-16.26,99,100,4.16
144,Starkville,US,2022-02-09 21:14:16,33.4504,-88.8184,65.95,41,0,10.58
145,Koumac,NC,2022-02-09 21:14:16,-20.5667,164.2833,80.33,89,100,21.79
146,Key Largo,US,2022-02-09 21:11:06,25.0865,-80.4473,64.4,77,100,14.67
147,Kruisfontein,ZA,2022-02-09 21:14:17,-34.0033,24.7314,61.97,83,0,4.79
148,Awbari,LY,2022-02-09 21:14:18,26.5921,12.7805,50.54,46,3,9.19
149,Tessalit,ML,2022-02-09 21:13:21,20.1986,1.0114,69.53,8,0,8.32
150,San Cristobal,VE,2022-02-09 21:14:18,7.7669,-72.225,78.98,52,77,4.25
151,Klaksvik,FO,2022-02-09 21:14:19,62.2266,-6.589,31.12,83,100,20.67
152,Tiksi,RU,2022-02-09 21:14:19,71.6872,128.8694,-12.06,93,100,13.02
153,Namatanai,PG,2022-02-09 21:07:00,-3.6667,152.4333,80.22,79,49,2.51
154,Mount Isa,AU,2022-02-09 21:14:19,-20.7333,139.5,73.17,100,22,0.0
155,Zhigansk,RU,2022-02-09 21:14:20,66.7697,123.3711,-33.07,97,97,7.38
156,Berlevag,NO,2022-02-09 21:14:20,70.8578,29.0864,23.0,80,0,27.63
157,Tasiilaq,GL,2022-02-09 21:05:47,65.6145,-37.6368,8.76,59,74,11.32
158,Falun,SE,2022-02-09 21:14:21,60.6036,15.626,36.01,63,2,13.35
159,Rapid Valley,US,2022-02-09 21:14:21,44.0625,-103.1463,42.4,87,100,18.41
160,Rio Grande,BR,2022-02-09 21:14:21,-32.035,-52.0986,77.11,57,41,12.03
161,Nanortalik,GL,2022-02-09 21:05:47,60.1432,-45.2371,20.28,68,93,3.18
162,Teya,RU,2022-02-09 21:14:22,60.3778,92.6267,-10.01,99,99,1.52
163,Saint Anthony,US,2022-02-09 21:14:22,45.0205,-93.218,32.67,69,100,23.02
164,Cowra,AU,2022-02-09 21:14:22,-33.8333,148.6833,74.73,41,0,2.68
165,Akdepe,TM,2022-02-09 21:14:23,42.0551,59.3788,30.2,74,6,11.16
166,Baculin,PH,2022-02-09 21:14:23,7.4525,126.5842,76.84,89,100,8.21
167,Meulaboh,ID,2022-02-09 21:14:23,4.1363,96.1285,73.4,86,100,6.53
168,Grindavik,IS,2022-02-09 21:14:24,63.8424,-22.4338,25.27,74,75,13.8
169,Grand Gaube,MU,2022-02-09 21:14:24,-20.0064,57.6608,74.37,78,8,4.0
170,Te Anau,NZ,2022-02-09 21:14:25,-45.4167,167.7167,65.41,84,34,4.36
171,Panorama,GR,2022-02-09 21:14:25,40.5878,23.0315,45.95,62,20,9.22
172,Mawlaik,MM,2022-02-09 21:14:25,23.6333,94.4167,52.5,60,1,1.21
173,Glendive,US,2022-02-09 21:14:26,47.1053,-104.7125,38.82,84,100,5.75
174,Butaritari,KI,2022-02-09 21:14:26,3.0707,172.7902,81.81,78,66,14.79
175,Coihaique,CL,2022-02-09 21:14:27,-45.5752,-72.0662,66.15,27,20,6.91
176,Arraial Do Cabo,BR,2022-02-09 21:13:46,-22.9661,-42.0278,73.26,83,75,4.61
177,Wenling,CN,2022-02-09 21:14:27,28.3669,121.36,44.91,88,100,8.03
178,Kavieng,PG,2022-02-09 21:14:28,-2.5744,150.7967,81.25,79,71,5.97
179,Englehart,CA,2022-02-09 21:14:28,47.8169,-79.8664,25.36,93,100,11.5
180,Kem,RU,2022-02-09 21:14:28,64.9555,34.5793,21.2,95,83,8.77
181,Longyearbyen,SJ,2022-02-09 21:11:53,78.2186,15.6401,12.04,79,75,8.05
182,Seoul,KR,2022-02-09 21:15:29,37.5683,126.9778,24.31,86,0,2.3
183,Banda Aceh,ID,2022-02-09 21:15:29,5.5577,95.3222,77.38,80,100,4.56
184,Iraucuba,BR,2022-02-09 21:15:30,-3.7461,-39.7833,78.91,75,65,4.34
185,Elizabeth City,US,2022-02-09 21:10:58,36.2946,-76.2511,59.05,37,75,4.61
186,College,US,2022-02-09 21:14:40,64.8569,-147.8028,-5.42,75,100,3.44
187,Kushima,JP,2022-02-09 21:15:30,31.4583,131.2333,45.91,91,100,5.46
188,Korla,CN,2022-02-09 21:15:31,41.7597,86.1469,24.96,54,93,2.75
189,Buala,SB,2022-02-09 21:11:48,-8.145,159.5921,80.8,82,24,6.29
190,Fort Saint James,CA,2022-02-09 21:15:31,54.4333,-124.25,41.95,97,100,4.85
191,Dhidhdhoo,MV,2022-02-09 21:15:32,6.8833,73.1,80.92,74,100,9.26
192,Shingu,JP,2022-02-09 21:13:50,33.7333,135.9833,42.91,93,100,6.24
193,Kaeo,NZ,2022-02-09 21:15:32,-35.1,173.7833,76.32,89,97,7.78
194,Bouna,CI,2022-02-09 21:15:33,9.2667,-3.0,79.74,15,4,3.47
195,Cockburn Town,TC,2022-02-09 21:10:46,21.4612,-71.1419,77.72,76,0,19.39
196,Beloha,MG,2022-02-09 21:15:33,-25.1667,45.05,72.7,88,0,3.76
197,Savelugu,GH,2022-02-09 21:15:34,9.6244,-0.8253,86.65,11,97,6.76
198,Namwala,ZM,2022-02-09 21:15:34,-15.7504,26.4384,66.0,96,98,3.2
199,Utraula,IN,2022-02-09 21:15:34,27.3167,82.4167,55.4,84,3,4.14
200,Tura,IN,2022-02-09 21:15:35,25.5198,90.2201,56.16,66,3,3.18
201,Itoman,JP,2022-02-09 21:15:35,26.1247,127.6694,66.22,86,75,8.05
202,Tuatapere,NZ,2022-02-09 21:06:54,-46.1333,167.6833,59.83,89,31,3.13
203,Alem Paraiba,BR,2022-02-09 21:15:36,-21.8878,-42.7044,70.21,98,100,0.89
204,Geraldton,AU,2022-02-09 21:12:45,-28.7667,114.6,59.41,88,0,6.91
205,Velikiy Ustyug,RU,2022-02-09 21:15:36,60.7644,46.3106,24.49,96,98,8.05
206,Koslan,RU,2022-02-09 21:15:36,63.4564,48.8989,15.46,94,100,10.89
207,San Patricio,US,2022-02-09 21:15:38,28.017,-97.5169,75.29,28,1,2.33
208,Tahta,EG,2022-02-09 21:15:38,26.7693,31.5021,53.4,38,0,8.95
209,Paciran,ID,2022-02-09 21:15:39,-6.8767,112.3761,77.54,88,100,9.89
210,Horta,PT,2022-02-09 21:15:39,38.5333,-28.6333,56.84,72,20,8.05
211,La Ronge,CA,2022-02-09 21:10:57,55.1001,-105.2842,8.82,78,100,5.75
212,Kawambwa,ZM,2022-02-09 21:15:40,-9.7915,29.0791,63.36,96,100,1.99
213,Namibe,AO,2022-02-09 21:15:40,-15.1961,12.1522,74.88,75,100,10.31
214,Copiapo,CL,2022-02-09 21:15:41,-27.3667,-70.3333,69.49,43,0,9.22
215,Lagoa,PT,2022-02-09 21:11:49,39.05,-27.9833,58.68,72,3,15.73
216,Great Yarmouth,GB,2022-02-09 21:15:41,52.6083,1.7305,48.22,78,100,5.57
217,Plettenberg Bay,ZA,2022-02-09 21:15:42,-34.0527,23.3716,65.41,79,0,6.55
218,Bosaso,SO,2022-02-09 21:15:42,11.2842,49.1816,73.33,67,14,3.49
219,Namtsy,RU,2022-02-09 21:15:43,62.7161,129.6658,-32.69,99,83,3.85
220,Alice Springs,AU,2022-02-09 21:13:12,-23.7,133.8833,71.15,73,31,5.75
221,Safford,US,2022-02-09 21:15:43,32.834,-109.7076,69.51,15,0,6.91
222,Cidreira,BR,2022-02-09 21:11:15,-30.1811,-50.2056,73.54,66,31,11.21
223,Pilar,BR,2022-02-09 21:14:44,-9.5972,-35.9567,80.53,71,55,10.31
224,San Quintin,MX,2022-02-09 21:12:42,30.4833,-115.95,69.69,32,48,6.73
225,Richards Bay,ZA,2022-02-09 21:16:44,-28.783,32.0377,71.11,88,0,3.49
226,Huarmey,PE,2022-02-09 21:16:44,-10.0681,-78.1522,74.53,70,98,8.55
227,East Grinstead,GB,2022-02-09 21:16:45,51.1238,-0.0061,50.32,92,75,4.61
228,San Carlos,VE,2022-02-09 21:15:26,9.6612,-68.5827,89.19,45,100,1.52
229,Yichun,CN,2022-02-09 21:16:45,47.7,128.9,0.28,99,100,1.3
230,Santa Rosa,PH,2022-02-09 21:07:04,14.3122,121.1114,77.11,76,70,4.94
231,Dunmore East,IE,2022-02-09 21:16:46,52.1514,-6.9861,44.33,78,20,0.0
232,Jennings,US,2022-02-09 21:16:46,38.7192,-90.2604,55.22,46,40,21.0
233,Iqaluit,CA,2022-02-09 21:12:06,63.7506,-68.5145,-22.31,67,10,10.0
234,Birjand,IR,2022-02-09 21:16:46,32.8663,59.2211,32.47,43,0,4.61
235,Yerbogachen,RU,2022-02-09 21:16:47,61.2767,108.0108,-32.96,100,74,3.22
236,San Miguel,SV,2022-02-09 21:16:47,13.4833,-88.1833,92.8,36,40,9.22
237,Kerman,IR,2022-02-09 21:16:47,30.2832,57.0788,35.46,32,0,4.61
238,Mathbaria,BD,2022-02-09 21:16:48,22.2876,89.9593,63.57,59,3,2.46
239,Lebu,CL,2022-02-09 21:14:03,-37.6167,-73.65,62.69,69,0,22.01
240,Evensk,RU,2022-02-09 21:16:48,61.95,159.2333,-12.21,72,25,5.21
241,West Bay,KY,2022-02-09 21:16:49,19.3667,-81.4167,83.07,76,40,6.91
242,Nome,US,2022-02-09 21:06:53,64.5011,-165.4064,-9.33,70,100,9.22
243,Yashkul,RU,2022-02-09 21:16:49,46.1711,45.3435,40.82,93,100,8.43
244,Celestun,MX,2022-02-09 21:16:50,20.8667,-90.4,72.72,62,11,12.93
245,Guiratinga,BR,2022-02-09 21:16:50,-16.3494,-53.7583,70.88,94,100,1.7
246,Balykshi,KZ,2022-02-09 21:16:51,47.0667,51.8667,28.4,86,40,17.9
247,Seydi,TM,2022-02-09 21:16:51,39.4816,62.9137,45.79,55,55,10.74
248,Camana,PE,2022-02-09 21:16:51,-16.6228,-72.7111,73.24,68,10,8.03
249,Ostrovnoy,RU,2022-02-09 21:16:52,68.0531,39.5131,23.25,87,77,19.01
250,Moranbah,AU,2022-02-09 21:16:52,-22.0016,148.0466,74.01,71,2,4.56
251,Saint-Michel-Des-Saints,CA,2022-02-09 21:16:53,46.6834,-73.9159,29.93,88,100,8.59
252,Coquimbo,CL,2022-02-09 21:16:53,-29.9533,-71.3436,65.93,77,75,9.22
253,Merauke,ID,2022-02-09 21:07:01,-8.4667,140.3333,76.93,91,98,7.43
254,Jalu,LY,2022-02-09 21:16:53,29.0331,21.5482,53.82,46,17,9.75
255,Guaratinga,BR,2022-02-09 21:16:54,-16.5667,-39.5667,81.27,79,52,8.16
256,Abomsa,ET,2022-02-09 21:16:54,9.9833,39.9833,69.13,39,9,3.51
257,Marienburg,PL,2022-02-09 21:16:55,54.0359,19.0266,48.96,85,100,12.59
258,Machiques,VE,2022-02-09 21:16:55,10.0644,-72.545,90.16,50,96,10.49
259,Venice,US,2022-02-09 21:16:27,27.0998,-82.4543,72.05,65,0,17.27
260,Svetlaya,RU,2022-02-09 21:16:56,46.5389,138.3297,12.47,74,21,5.79
261,Constitucion,CL,2022-02-09 21:16:56,-35.3333,-72.4167,67.87,68,16,13.98
262,Khon Buri,TH,2022-02-09 21:16:57,14.5254,102.2459,84.61,60,35,1.68
263,Bathsheba,BB,2022-02-09 21:16:57,13.2167,-59.5167,77.61,73,40,18.41
264,Norrtalje,SE,2022-02-09 21:16:57,59.758,18.705,38.28,66,10,13.62
265,Tautira,PF,2022-02-09 21:16:58,-17.7333,-149.15,84.22,77,24,16.15
266,Garhi Khairo,PK,2022-02-09 21:17:58,28.0606,67.9803,58.77,39,0,2.48
267,Lecco,IT,2022-02-09 21:17:59,45.8533,9.3905,49.15,79,8,2.24
268,Ritchie,ZA,2022-02-09 21:17:59,-29.038,24.6028,67.21,34,6,8.84
269,Saint-Joseph,RE,2022-02-09 21:17:59,-21.3667,55.6167,71.98,81,81,5.93
270,Komsomolskiy,UZ,2022-02-09 21:18:00,40.4272,71.7189,35.02,74,100,2.3
271,Saint-Pierre,RE,2022-02-09 21:18:00,-21.3393,55.4781,73.08,78,40,3.44
272,Aripuana,BR,2022-02-09 21:18:01,-9.1667,-60.6333,77.58,93,91,2.28
273,Aklavik,CA,2022-02-09 21:18:01,68.2191,-135.0107,-19.37,69,75,10.36
274,Kahului,US,2022-02-09 21:18:01,20.8947,-156.47,80.62,59,20,13.8
275,Netanya,IL,2022-02-09 21:18:02,32.3329,34.8599,53.62,64,33,28.07
276,Vicuna,CL,2022-02-09 21:15:18,-30.0319,-70.7081,82.78,41,2,8.68
277,Kodiak,US,2022-02-09 21:18:03,57.79,-152.4072,22.51,36,0,16.11
278,Araouane,ML,2022-02-09 21:18:03,18.9048,-3.5265,70.05,9,0,10.87
279,Pastavy,BY,2022-02-09 21:18:04,55.1168,26.8326,37.27,99,100,15.68
280,Nykoping,SE,2022-02-09 21:18:04,58.753,17.0079,37.69,70,0,21.85
281,Kungurtug,RU,2022-02-09 21:18:05,50.5994,97.5228,-15.11,100,100,0.92
282,Saint George,US,2022-02-09 21:16:00,37.1041,-113.5841,67.42,16,0,8.05
283,Trairi,BR,2022-02-09 21:18:05,-3.2778,-39.2689,79.99,73,27,8.46
284,Aksarka,RU,2022-02-09 21:17:41,66.5606,67.7975,-0.6,99,99,9.1
285,High Level,CA,2022-02-09 21:15:18,58.5169,-117.136,6.91,92,100,8.05
286,Terracina,IT,2022-02-09 21:18:06,41.2863,13.2217,53.35,60,0,5.7
287,Sola,VU,2022-02-09 21:18:07,-13.8833,167.55,82.22,80,100,25.48
288,Epinal,FR,2022-02-09 21:16:21,48.1833,6.45,42.94,86,15,5.57
289,Laurel,US,2022-02-09 21:13:45,39.0993,-76.8483,57.96,43,0,11.5
290,Kupang,ID,2022-02-09 21:18:08,-10.1667,123.5833,78.62,83,100,0.96
291,Champerico,GT,2022-02-09 21:14:00,14.3,-91.9167,89.76,62,42,10.18
292,Zyryanka,RU,2022-02-09 21:18:08,65.75,150.85,-41.82,100,56,5.5
293,Buraydah,SA,2022-02-09 21:18:09,26.326,43.975,63.05,24,0,15.86
294,Vila Velha,BR,2022-02-09 21:14:04,-20.3297,-40.2925,73.94,85,75,10.36
295,Selty,RU,2022-02-09 21:18:09,57.3132,52.1345,26.98,95,100,13.33
296,Pacific Grove,US,2022-02-09 21:17:22,36.6177,-121.9166,79.41,32,1,3.0
297,Bonavista,CA,2022-02-09 21:18:10,48.6499,-53.1147,38.12,94,100,16.08
298,Atambua,ID,2022-02-09 21:18:10,-9.1061,124.8925,74.07,90,100,1.77
299,Dingle,PH,2022-02-09 21:18:11,10.9995,122.6711,72.95,90,66,8.32
300,Quincy,US,2022-02-09 21:16:26,42.2529,-71.0023,45.95,50,0,8.05
301,San Policarpo,PH,2022-02-09 21:18:11,12.1791,125.5072,79.21,77,99,14.09
302,Beaverlodge,CA,2022-02-09 21:18:12,55.2166,-119.4361,42.15,71,100,20.78
303,Atar,MR,2022-02-09 21:18:12,20.5169,-13.0499,74.53,10,2,9.48
304,Kendari,ID,2022-02-09 21:18:12,-3.945,122.4989,75.81,92,100,1.19
305,Mehamn,NO,2022-02-09 21:18:13,71.0357,27.8492,24.98,74,0,25.32
306,Hervey Bay,AU,2022-02-09 21:18:13,-25.2986,152.8535,74.03,86,3,10.0
307,Nouadhibou,MR,2022-02-09 21:18:14,20.931,-17.0347,76.98,23,0,2.3
308,Juneau,US,2022-02-09 21:18:14,58.3019,-134.4197,46.4,93,100,9.22
309,Aracati,BR,2022-02-09 21:18:15,-4.5617,-37.7697,81.77,67,91,9.86
310,Grand Forks,US,2022-02-09 21:15:38,47.9417,-97.4337,17.53,76,75,25.32
311,Nicoya,CR,2022-02-09 21:18:15,10.1483,-85.452,89.15,39,33,8.52
312,Northam,GB,2022-02-09 21:19:16,51.0333,-4.2167,48.02,97,100,6.02
313,Chicama,PE,2022-02-09 21:19:16,-7.8447,-79.1469,70.34,59,100,9.51
314,Havoysund,NO,2022-02-09 21:19:16,70.9963,24.6622,25.68,75,97,11.5
315,Natal,BR,2022-02-09 21:19:17,-5.795,-35.2094,83.05,74,20,13.8
316,Chittur,IN,2022-02-09 21:19:17,10.7,76.75,74.75,72,14,6.71
317,Duku,NG,2022-02-09 21:19:17,11.2361,4.9073,83.21,10,0,8.68
318,Liverpool,GB,2022-02-09 21:18:20,53.4106,-2.9779,44.69,83,20,10.36
319,Moratuwa,LK,2022-02-09 21:19:18,6.773,79.8816,74.57,80,67,4.81
320,Quatre Cocos,MU,2022-02-09 21:19:18,-20.2078,57.7625,74.08,77,50,7.63
321,Souillac,MU,2022-02-09 21:19:19,-20.5167,57.5167,74.35,94,40,9.22
322,Mason City,US,2022-02-09 21:18:51,43.1536,-93.201,34.18,77,100,28.77
323,Hamilton,US,2022-02-09 21:15:52,39.1834,-84.5333,52.65,53,0,12.66
324,Iwaki,JP,2022-02-09 21:19:19,37.05,140.8833,37.35,81,100,1.01
325,Loa Janan,ID,2022-02-09 21:19:20,-0.583,117.095,72.88,100,100,2.01
326,Prado,BR,2022-02-09 21:19:20,-17.3411,-39.2208,79.27,82,2,10.49
327,Rocha,UY,2022-02-09 21:19:21,-34.4833,-54.3333,72.39,61,7,11.1
328,Muhos,FI,2022-02-09 21:19:21,64.808,25.9931,28.89,96,100,6.69
329,Lasa,IT,2022-02-09 21:19:21,46.6166,10.7002,38.28,36,7,1.92
330,Saint-Leu,RE,2022-02-09 21:19:22,-21.15,55.2833,72.46,80,60,2.37
331,Hofn,IS,2022-02-09 21:19:23,64.2539,-15.2082,24.17,70,5,18.68
332,Kununurra,AU,2022-02-09 21:19:23,-15.7667,128.7333,76.98,94,39,0.0
333,Kilindoni,TZ,2022-02-09 21:19:24,-7.9139,39.6668,80.47,80,100,13.51
334,Hue,VN,2022-02-09 21:19:24,16.4667,107.6,66.31,100,75,3.44
335,Vestmannaeyjar,IS,2022-02-09 21:19:24,63.4427,-20.2734,26.78,72,33,24.27
336,Ambon,ID,2022-02-09 21:19:25,-3.6954,128.1814,77.14,94,40,1.14
337,Hamadan,IR,2022-02-09 21:19:25,34.7992,48.5146,38.35,69,0,2.3
338,Uarini,BR,2022-02-09 21:19:26,-2.99,-65.1083,89.55,91,96,1.59
339,Keti Bandar,PK,2022-02-09 21:19:26,24.1447,67.4497,70.16,46,0,7.47
340,Kargasok,RU,2022-02-09 21:19:26,59.0556,80.8572,-17.82,100,16,4.97
341,Verkhnevilyuysk,RU,2022-02-09 21:19:27,63.4453,120.3167,-38.69,100,89,1.19
342,Usinsk,RU,2022-02-09 21:19:27,65.9939,57.5281,3.42,84,6,11.74
343,Vostok,RU,2022-02-09 21:19:27,46.4856,135.8833,-5.4,96,39,4.34
344,Whangamata,NZ,2022-02-09 21:19:28,-37.2,175.8667,76.08,88,79,6.26
345,Marabba,SD,2022-02-09 21:19:28,12.35,32.1833,78.37,22,3,12.17
346,Kawalu,ID,2022-02-09 21:19:28,-7.3817,108.2082,72.21,95,100,1.72
347,Urumqi,CN,2022-02-09 21:19:29,43.801,87.6005,4.15,85,75,4.47
348,Santa Cruz,BO,2022-02-09 21:16:53,-17.8,-63.1667,92.66,35,22,2.3
349,Ekhabi,RU,2022-02-09 21:19:29,53.5102,142.9671,10.45,95,100,13.31
350,Tagbac,PH,2022-02-09 21:19:30,7.089,125.1567,70.12,91,100,3.09
351,Abu Zabad,SD,2022-02-09 21:19:30,12.35,29.25,71.76,17,6,12.91
352,Saurimo,AO,2022-02-09 21:19:30,-9.6608,20.3916,64.36,87,16,2.77
353,Nola,IT,2022-02-09 21:19:31,40.922,14.5329,53.55,64,0,2.21
354,Aquiraz,BR,2022-02-09 21:19:31,-3.9014,-38.3911,82.49,75,19,7.47
355,Altamira,BR,2022-02-09 21:19:31,-3.2033,-52.2064,84.29,79,40,5.75
356,Pavlovka,RU,2022-02-09 21:19:32,52.6897,47.1405,25.86,96,100,12.73
357,Tateyama,JP,2022-02-09 21:19:32,34.9833,139.8667,41.14,75,100,18.66
358,Laguna,US,2022-02-09 21:19:33,38.421,-121.4238,77.95,45,0,1.01
359,Broome,US,2022-02-09 21:19:33,42.2506,-75.833,45.18,53,0,12.66
360,Garmsar,IR,2022-02-09 21:20:33,35.2182,52.3409,47.19,34,7,4.29
361,Thanh Hoa,VN,2022-02-09 21:16:21,19.8,105.7667,61.56,91,100,2.86
362,Pangkalanbuun,ID,2022-02-09 21:20:34,-2.6833,111.6167,72.07,98,100,0.92
363,Porto Novo,BJ,2022-02-09 21:20:34,6.4965,2.6036,84.02,84,53,8.7
364,Carutapera,BR,2022-02-09 21:20:35,-1.195,-46.02,77.59,89,95,5.77
365,Portobelo,PA,2022-02-09 21:20:35,9.55,-79.65,86.07,84,64,9.82
366,Krasnogorsk,RU,2022-02-09 21:20:35,55.8225,37.3181,32.05,86,75,8.95
367,Lokoja,NG,2022-02-09 21:20:36,7.8024,6.743,84.11,22,34,3.2
368,Port Lincoln,AU,2022-02-09 21:20:36,-34.7333,135.8667,61.59,74,95,6.08
369,Taybad,IR,2022-02-09 21:20:36,34.74,60.7756,47.32,40,16,9.13
370,Acari,PE,2022-02-09 21:20:37,-15.4311,-74.6158,78.46,60,11,10.92
371,Myanaung,MM,2022-02-09 21:20:37,18.2833,95.3167,63.1,30,2,5.68
372,Gopalpur,IN,2022-02-09 21:20:38,19.2667,84.9167,70.29,71,28,3.8
373,Fomboni,KM,2022-02-09 21:20:38,-12.28,43.7425,81.41,76,100,3.69
374,Port-De-Bouc,FR,2022-02-09 21:20:38,43.4,4.9833,52.84,87,75,6.91
375,Carnarvon,AU,2022-02-09 21:20:39,-24.8667,113.6333,76.66,68,0,14.2
376,Usogorsk,RU,2022-02-09 21:20:39,63.4106,48.6872,15.87,93,100,10.6
377,Enshi,CN,2022-02-09 21:20:40,30.3,109.4833,36.81,87,34,0.54
378,Bandarbeyla,SO,2022-02-09 21:20:40,9.4942,50.8122,74.53,66,90,18.59
379,Muros,ES,2022-02-09 21:20:40,42.7762,-9.0603,55.24,89,12,5.1
380,Lulea,SE,2022-02-09 21:20:21,65.5842,22.1547,21.27,93,0,9.22
381,Sitka,US,2022-02-09 21:20:41,57.0531,-135.33,46.29,87,100,12.66
382,Vihari,PK,2022-02-09 21:20:41,30.0333,72.35,54.79,44,0,5.97
383,Saint-Augustin,CA,2022-02-09 21:17:55,51.226,-58.6502,28.94,80,98,18.68
384,Agua Verde,MX,2022-02-09 21:20:42,22.9,-106.05,78.89,50,0,9.33
385,Japura,ID,2022-02-09 21:20:42,-0.3167,102.35,70.03,97,99,3.38
386,Otane,NZ,2022-02-09 21:20:42,-39.8833,176.6333,77.02,79,57,1.86
387,Pak Phanang,TH,2022-02-09 21:20:43,8.3511,100.202,78.37,81,35,6.35
388,Denpasar,ID,2022-02-09 21:17:13,-8.65,115.2167,76.71,94,75,6.91
389,Luau,AO,2022-02-09 21:20:43,-10.7073,22.2247,65.79,89,46,2.42
390,Nabire,ID,2022-02-09 21:20:44,-3.3667,135.4833,74.79,93,100,1.92
391,Batemans Bay,AU,2022-02-09 21:18:54,-35.7167,150.1833,68.92,58,6,3.42
392,Malinovoye Ozero,RU,2022-02-09 21:20:44,51.6753,79.7825,-12.87,100,73,3.13
393,Diffa,NE,2022-02-09 21:20:45,13.3154,12.6113,69.46,15,3,9.8
394,Half Moon Bay,US,2022-02-09 21:20:45,37.4636,-122.4286,75.56,27,0,21.85
395,Le Port,RE,2022-02-09 21:20:46,-20.9373,55.2919,73.4,83,51,2.86
396,Jerome,US,2022-02-09 21:20:46,42.7241,-114.5186,40.55,80,0,1.99
397,Barguzin,RU,2022-02-09 21:20:46,53.6167,109.6167,1.02,96,100,3.96
398,Safaga,EG,2022-02-09 21:20:47,26.7292,33.9365,62.65,49,0,17.76
399,Lavrentiya,RU,2022-02-09 21:19:20,65.5833,-171.0,-25.01,93,61,7.78
400,Zwedru,LR,2022-02-09 21:20:47,6.0667,-8.1281,80.35,68,92,5.21
401,Kipini,KE,2022-02-09 21:20:48,-2.5257,40.5262,79.09,88,39,11.63
402,Gwadar,PK,2022-02-09 21:16:47,25.1216,62.3254,70.45,43,0,9.04
403,Atbasar,KZ,2022-02-09 21:20:48,51.8,68.3333,-5.01,100,80,7.47
404,Lanxi,CN,2022-02-09 21:20:49,29.2195,119.477,40.37,96,100,1.95
405,Bac Lieu,VN,2022-02-09 21:20:49,9.285,105.7244,77.86,83,97,15.86
406,Mitsamiouli,KM,2022-02-09 21:20:49,-11.3847,43.2844,81.46,77,100,12.33
407,Marzuq,YE,2022-02-09 21:21:23,14.4,46.4667,60.73,34,0,2.17
408,Bafra,TR,2022-02-09 21:21:50,41.5678,35.9069,45.82,74,100,11.97
409,Forssa,FI,2022-02-09 21:21:50,60.8146,23.6215,34.92,90,100,8.93
410,Sistranda,NO,2022-02-09 21:21:51,63.7256,8.834,38.89,79,100,37.4
411,Biak,ID,2022-02-09 21:21:51,-0.9131,122.8766,76.62,82,100,3.09
412,Kibala,TD,2022-02-09 21:21:51,9.1104,18.3463,80.55,18,0,0.0
413,Toucheng,TW,2022-02-09 21:21:52,24.8592,121.8233,62.55,93,100,9.4
414,Cassilandia,BR,2022-02-09 21:21:52,-19.1133,-51.7342,78.57,73,100,5.32
415,Saraza,PH,2022-02-09 21:21:53,8.7356,117.78,77.83,81,100,12.8
416,Ilhabela,BR,2022-02-09 21:21:53,-23.7781,-45.3581,74.79,83,65,5.17
417,Karachi,PK,2022-02-09 21:20:05,24.9056,67.0822,62.42,77,0,0.0
418,Haapiti,PF,2022-02-09 21:21:53,-17.5667,-149.8667,83.93,74,21,16.69
419,Byron Bay,AU,2022-02-09 21:21:54,-28.65,153.6167,72.05,78,5,6.02
420,Preeceville,CA,2022-02-09 21:21:54,51.95,-102.6677,16.97,88,45,2.77
421,Okato,NZ,2022-02-09 21:21:55,-39.2,173.8833,72.91,94,97,11.36
422,Tugulym,RU,2022-02-09 21:21:55,57.0591,64.6425,8.67,97,52,5.37
423,Kota Belud,MY,2022-02-09 21:21:55,6.351,116.4305,76.86,87,100,6.64
424,Carlos Antonio Lopez,PY,2022-02-09 21:21:56,-26.4,-54.7667,92.71,17,2,3.06
425,Ahipara,NZ,2022-02-09 21:19:03,-35.1667,173.1667,74.61,84,89,10.4
426,Nioro,GM,2022-02-09 21:21:56,13.35,-15.75,85.03,9,45,7.47
427,Muli,MV,2022-02-09 21:21:56,2.9167,73.5667,81.23,75,73,9.95
428,Taltal,CL,2022-02-09 21:17:32,-25.4,-70.4833,67.32,73,24,3.29
429,Joutseno,FI,2022-02-09 21:21:57,61.118,28.5076,32.05,96,100,13.65
430,Kieta,PG,2022-02-09 21:20:55,-6.2167,155.6333,81.14,80,73,4.05
431,Acapulco,MX,2022-02-09 21:21:57,16.8634,-99.8901,84.02,61,0,8.05
432,Niono,ML,2022-02-09 21:21:58,14.2526,-5.993,77.99,10,0,12.41
433,Teknaf,BD,2022-02-09 21:21:58,20.8624,92.3058,61.81,56,6,8.12
434,Ambanja,MG,2022-02-09 21:21:59,-13.6833,48.45,75.51,93,99,2.42
435,Urazovo,RU,2022-02-09 21:21:59,50.0836,38.0395,29.5,96,100,6.6
436,Wainwright,CA,2022-02-09 21:21:59,52.839,-110.8572,39.11,97,75,6.44
437,Kenora,CA,2022-02-09 21:20:13,49.8167,-94.4337,15.78,79,100,12.66
438,Belyy Yar,RU,2022-02-09 21:22:00,53.6039,91.3903,-14.91,78,100,0.0
439,El Tigre,VE,2022-02-09 21:22:00,8.8875,-64.2454,91.42,25,100,9.8
440,Kuryk,KZ,2022-02-09 21:22:00,43.2,51.65,41.92,64,67,23.6
441,Liepaja,LV,2022-02-09 21:20:16,56.5419,21.0367,40.98,87,0,21.85
442,Omsukchan,RU,2022-02-09 21:21:43,62.5333,155.8,-22.67,70,64,3.47
443,Atherton,GB,2022-02-09 21:22:01,53.5237,-2.4935,44.29,81,100,1.99
444,Batagay-Alyta,RU,2022-02-09 21:22:01,67.8006,130.4114,-27.87,90,79,4.0
445,Charters Towers,AU,2022-02-09 21:22:02,-20.1,146.2667,72.25,80,92,5.75
446,Ushtobe,KZ,2022-02-09 21:22:02,45.2514,77.9838,27.52,93,100,7.65
447,Abu Kamal,SY,2022-02-09 21:22:03,34.4506,40.9171,58.77,36,0,8.14
448,Aitape,PG,2022-02-09 21:22:03,-3.1374,142.3475,76.75,89,40,3.74
449,Fortuna,US,2022-02-09 21:21:50,40.5982,-124.1573,71.85,55,0,3.44
450,Marathon,US,2022-02-09 21:22:03,44.9,-89.7668,34.84,72,100,13.8
451,Tilichiki,RU,2022-02-09 21:22:04,60.4667,166.1,-18.67,83,14,6.85
452,Bata,GQ,2022-02-09 21:22:04,1.8639,9.7658,82.26,89,40,0.0
453,Tambacounda,SN,2022-02-09 21:22:05,13.7539,-13.7586,86.05,15,0,6.91
454,Siavonga,ZM,2022-02-09 21:22:05,-16.5382,28.7088,74.7,84,48,5.46
455,Taunggyi,MM,2022-02-09 21:17:34,20.7833,97.0333,45.27,35,4,2.55
456,Saldanha,ZA,2022-02-09 21:23:05,-33.0117,17.9442,68.05,90,0,5.17
457,Vesoul,FR,2022-02-09 21:23:06,47.5833,5.8333,42.49,88,23,4.59
458,Raudeberg,NO,2022-02-09 21:20:57,61.9875,5.1352,40.6,83,100,15.01
459,Verkh-Usugli,RU,2022-02-09 21:23:06,52.7,115.1667,-3.86,100,100,1.36
460,Le Mars,US,2022-02-09 21:22:27,42.7942,-96.1656,47.71,42,40,25.32
461,Machilipatnam,IN,2022-02-09 21:23:07,16.1667,81.1333,71.24,75,40,7.9
462,Aksha,RU,2022-02-09 21:23:07,50.2814,113.2867,-1.1,98,100,2.15
463,Zaysan,KZ,2022-02-09 21:23:08,47.4667,84.8667,3.94,88,96,3.02
464,Puerto Leguizamo,CO,2022-02-09 21:23:08,-0.1934,-74.7819,77.94,89,100,1.66
465,Ucluelet,CA,2022-02-09 21:23:08,48.9329,-125.5528,49.08,93,100,3.18
466,Harper,LR,2022-02-09 21:23:09,4.375,-7.7169,79.5,86,100,9.26
467,Victoria,HK,2022-02-09 21:22:19,22.2855,114.1577,64.94,86,100,1.01
468,Avera,US,2022-02-09 21:23:10,33.194,-82.5271,63.75,34,0,7.94
469,Puerto Escondido,MX,2022-02-09 21:23:10,15.85,-97.0667,81.43,69,0,8.05
470,North Bend,US,2022-02-09 21:23:10,43.4065,-124.2243,64.92,76,0,14.97
471,Oktyabrskoye,RU,2022-02-09 21:23:11,43.0645,44.7417,35.35,86,97,6.71
472,Yarada,IN,2022-02-09 21:23:11,17.65,83.2667,68.32,88,20,2.3
473,Kavaratti,IN,2022-02-09 21:23:11,10.5669,72.642,79.56,70,100,15.08
474,Alberton,CA,2022-02-09 21:23:12,46.8168,-64.0654,35.73,92,61,11.12
475,Remuna,IN,2022-02-09 21:23:12,21.5261,86.8722,66.07,78,2,6.89
476,Tokoroa,NZ,2022-02-09 21:23:12,-38.2333,175.8667,74.61,98,100,1.81
477,San Juan,AR,2022-02-09 21:18:25,-31.5375,-68.5364,96.67,14,1,8.97
478,Hami,CN,2022-02-09 21:23:13,42.8,93.45,26.37,38,100,1.9
479,Uyskoye,RU,2022-02-09 21:23:13,54.3775,60.0047,-9.8,100,99,2.15
480,Dabakala,CI,2022-02-09 21:23:14,8.3667,-4.4333,81.95,16,1,2.84
481,Kenitra,MA,2022-02-09 21:23:14,34.261,-6.5802,55.83,73,0,1.81
482,Kulhudhuffushi,MV,2022-02-09 21:23:15,6.6221,73.07,80.76,75,92,9.6
483,Areosa,PT,2022-02-09 21:23:15,41.7178,-8.8571,56.25,75,24,4.45
484,Noumea,NC,2022-02-09 21:23:15,-22.2763,166.4572,82.0,99,100,17.0
485,Tanabe,JP,2022-02-09 21:23:16,33.7333,135.3667,42.93,78,100,1.99
486,Nampula,MZ,2022-02-09 21:23:16,-15.1165,39.2666,71.55,100,100,3.44
487,Mackenzie,CA,2022-02-09 21:23:16,55.2999,-123.1698,43.02,75,100,18.41
488,Cascais,PT,2022-02-09 21:23:17,38.6979,-9.4215,60.96,64,23,15.01
489,Yarovoye,RU,2022-02-09 21:23:17,52.9273,78.58,-12.62,100,25,5.64
490,Barra,BR,2022-02-09 21:23:18,-11.0894,-43.1417,85.75,44,65,4.03
491,Qaqortoq,GL,2022-02-09 21:23:18,60.7167,-46.0333,16.3,74,90,9.69
492,Barinas,VE,2022-02-09 21:23:18,8.6226,-70.2075,93.24,40,89,5.75
493,Chaozhou,CN,2022-02-09 21:23:19,23.6651,116.6379,57.06,82,94,3.06
494,Torbay,CA,2022-02-09 21:23:19,47.6666,-52.7314,37.27,92,100,19.57
495,Hovd,MN,2022-02-09 21:21:46,48.0056,91.6419,-8.37,96,100,1.88
496,Marawi,PH,2022-02-09 21:23:20,7.9986,124.2928,65.64,95,100,1.81
497,Yar-Sale,RU,2022-02-09 21:23:20,66.8333,70.8333,0.9,96,19,12.39
498,Maniitsoq,GL,2022-02-09 21:23:21,65.4167,-52.9,19.11,94,100,11.81
499,Longyan,CN,2022-02-09 21:23:21,25.1072,117.0225,51.21,98,99,1.7
500,Tadine,NC,2022-02-09 21:23:21,-21.55,167.8833,80.71,89,100,19.13
501,Luderitz,NA,2022-02-09 21:24:22,-26.6481,15.1594,76.35,46,14,17.92
502,Egvekinot,RU,2022-02-09 21:24:22,66.3167,-179.1667,-24.02,86,8,9.33
503,Kaitangata,NZ,2022-02-09 21:24:23,-46.2817,169.8464,59.58,99,100,5.77
504,Adrar,MR,2022-02-09 21:24:23,20.5022,-10.0711,68.86,11,2,12.26
505,Leningradskiy,RU,2022-02-09 21:24:24,69.3833,178.4167,-28.32,97,100,7.74
506,Oktyabrskiy,RU,2022-02-09 21:24:24,54.4815,53.471,20.03,92,100,12.5
507,Taoudenni,ML,2022-02-09 21:24:25,22.6783,-3.9836,70.07,14,1,11.21
508,Santa Fe,AR,2022-02-09 21:24:25,-31.6333,-60.7,93.02,25,0,5.01
509,Comodoro Rivadavia,AR,2022-02-09 21:24:25,-45.8667,-67.5,71.46,30,40,17.27
510,Sambava,MG,2022-02-09 21:24:26,-14.2667,50.1667,76.35,91,80,4.76
511,Chapais,CA,2022-02-09 21:24:26,49.7834,-74.8492,22.78,94,100,10.56
512,Broken Hill,AU,2022-02-09 21:24:26,-31.95,141.4333,65.91,59,10,18.41
513,Saint Joseph,US,2022-02-09 21:19:36,39.7686,-94.8466,57.4,31,0,21.99
514,Sunndalsora,NO,2022-02-09 21:24:27,62.6754,8.5515,39.25,90,100,16.04
515,Opuwo,NA,2022-02-09 21:21:21,-18.0607,13.84,68.49,82,100,3.15
516,Vysokogornyy,RU,2022-02-09 21:24:27,50.1167,139.15,-13.23,100,78,1.16
517,Nishihara,JP,2022-02-09 21:24:28,26.1842,127.7558,65.48,89,100,8.05
518,Pointe-Noire,CG,2022-02-09 21:24:28,-4.7761,11.8635,78.87,89,20,3.44
519,Shar,KZ,2022-02-09 21:24:29,49.5886,81.0453,-0.85,99,100,2.1
520,Tongchuan,CN,2022-02-09 21:24:29,35.0806,109.0897,29.28,69,72,3.53
521,Neiafu,TO,2022-02-09 21:24:29,-18.65,-173.9833,80.69,80,100,25.19
522,Kurchum,KZ,2022-02-09 21:24:30,48.5722,83.6542,-7.6,99,61,0.98
523,Kulu,TR,2022-02-09 21:24:30,39.0951,33.0799,30.72,84,98,23.78
524,Kulykiv,UA,2022-02-09 21:24:30,50.3142,24.8176,42.67,95,100,14.97
525,Madang,PG,2022-02-09 21:24:31,-5.2246,145.7966,76.44,92,92,4.07
526,Laviana,ES,2022-02-09 21:24:31,43.2333,-5.5333,53.29,67,0,5.53
527,Rochegda,RU,2022-02-09 21:24:32,62.8,43.25,19.98,96,99,5.39
528,Rio Gallegos,AR,2022-02-09 21:24:32,-51.6226,-69.2181,62.65,55,20,27.63
529,Clyde River,CA,2022-02-09 21:24:32,70.4692,-68.5914,-19.97,76,75,20.71
530,Vadakku Valliyur,IN,2022-02-09 21:24:33,8.3833,77.65,71.08,79,42,8.28
531,Chara,RU,2022-02-09 21:24:33,56.9064,118.2631,-20.65,91,100,1.3
532,Leshukonskoye,RU,2022-02-09 21:24:33,64.8989,45.7622,17.19,94,100,9.78
533,Nantucket,US,2022-02-09 21:21:32,41.2835,-70.0995,39.31,63,0,11.5
534,Alyangula,AU,2022-02-09 21:24:34,-13.8483,136.4192,75.07,100,79,2.3
535,Trat,TH,2022-02-09 21:24:34,12.5,102.5,75.13,92,77,1.79
536,Emerald,AU,2022-02-09 21:19:53,-23.5333,148.1667,72.34,78,2,9.93
537,Garden City,US,2022-02-09 21:23:14,42.3256,-83.331,43.99,66,75,14.97
538,Moron,AR,2022-02-09 21:24:35,-34.6534,-58.6198,85.01,57,6,8.88
539,Mecca,SA,2022-02-09 21:24:35,21.4267,39.8261,72.79,75,1,2.08
540,Arman,RU,2022-02-09 21:24:36,59.7,150.1667,-4.68,78,100,6.29
541,Haines Junction,CA,2022-02-09 21:24:36,60.7522,-137.5108,37.35,81,28,6.91
542,Mahajanga,MG,2022-02-09 21:24:36,-15.7167,46.3167,77.02,94,40,2.3
543,Conakry,GN,2022-02-09 21:24:37,9.538,-13.6773,79.34,75,32,11.63
544,Maunabo,PR,2022-02-09 21:24:37,18.0072,-65.8993,81.7,76,30,14.36
545,Warrington,GB,2022-02-09 21:25:38,53.3925,-2.5802,44.71,81,20,10.36
546,Matagami,CA,2022-02-09 21:25:38,49.7502,-77.6328,24.91,80,100,10.36
547,Utrecht,NL,2022-02-09 21:24:49,52.0,5.25,49.28,95,100,4.0
548,Ibra,OM,2022-02-09 21:25:39,22.6906,58.5334,63.48,49,1,4.63
549,Santa Maria,BR,2022-02-09 21:21:59,-29.6842,-53.8069,81.7,42,0,9.22
550,Alcudia,ES,2022-02-09 21:25:39,39.8532,3.1214,48.25,74,0,7.27
551,Erdenet,MN,2022-02-09 21:25:40,49.0333,104.0833,-2.96,100,100,2.17
552,Vanimo,PG,2022-02-09 21:25:40,-2.6741,141.3028,76.41,89,81,2.59
553,Cooma,AU,2022-02-09 21:25:40,-36.2333,149.1333,60.57,88,1,5.75
554,Bengkulu,ID,2022-02-09 21:24:23,-3.8004,102.2655,76.26,62,100,3.18
555,Inhambane,MZ,2022-02-09 21:25:41,-23.865,35.3833,76.48,78,0,6.96
556,Grasse,FR,2022-02-09 21:25:41,43.6667,6.9167,45.79,71,0,2.3
557,Awjilah,LY,2022-02-09 21:25:41,29.1081,21.2869,55.47,44,67,10.94
558,Guhagar,IN,2022-02-09 21:25:42,17.4842,73.1929,64.53,84,24,5.79
559,Kos,GR,2022-02-09 21:25:42,36.8933,27.2889,44.51,60,0,29.06
560,Dunedin,NZ,2022-02-09 21:25:43,-45.8742,170.5036,59.79,98,100,8.66
561,Chirongui,YT,2022-02-09 21:25:43,-12.9319,45.1483,76.93,77,100,12.5
562,Minab,IR,2022-02-09 21:25:44,27.1467,57.0801,56.7,53,0,2.01
563,Uberaba,BR,2022-02-09 21:25:44,-19.7483,-47.9319,81.18,50,0,11.5
564,Ponferrada,ES,2022-02-09 21:25:44,42.5466,-6.5962,52.07,72,0,4.0
565,Luxor,EG,2022-02-09 21:25:45,25.6989,32.6421,60.85,44,0,4.61
566,Mitu,CO,2022-02-09 21:25:45,1.1983,-70.1733,78.48,75,100,1.63
567,Mahon,ES,2022-02-09 21:25:46,39.8885,4.2658,50.56,81,20,4.61
