City_ID,City,Country,Date,Lat,Lng,Max Temp,Humidity,Cloudiness,Wind Speed,Current Description
0,Puerto Ayora,EC,2022-02-13 22:03:01,-0.7393,-90.3518,76.55,89,90,1.01,overcast clouds
1,Busselton,AU,2022-02-13 22:06:13,-33.65,115.3333,63.05,77,0,11.72,clear sky
2,Alta Floresta,BR,2022-02-13 22:06:14,-9.8756,-56.0861,73.6,94,100,2.15,overcast clouds
3,Coquimbo,CL,2022-02-13 22:06:14,-29.9533,-71.3436,69.53,64,0,12.66,clear sky
4,Arlit,NE,2022-02-13 22:06:15,18.7369,7.3853,67.96,12,0,5.37,clear sky
5,Jamestown,US,2022-02-13 22:06:03,42.097,-79.2353,20.52,39,100,6.91,overcast clouds
6,Nongan,CN,2022-02-13 22:06:15,44.382,125.1685,4.08,85,100,11.05,overcast clouds
7,Albany,US,2022-02-13 22:06:16,42.6001,-73.9662,25.09,52,100,1.01,overcast clouds
8,Pevek,RU,2022-02-13 22:06:16,69.7008,170.3133,-17.21,98,100,9.44,overcast clouds
9,Araouane,ML,2022-02-13 22:02:41,18.9048,-3.5265,63.77,18,73,11.36,broken clouds
10,Mataura,NZ,2022-02-13 22:06:17,-46.1927,168.8643,59.49,62,26,2.35,scattered clouds
11,Shubarshi,KZ,2022-02-13 22:06:17,48.5872,57.1869,13.15,96,89,13.13,overcast clouds
12,Broome,US,2022-02-13 22:02:28,42.2506,-75.833,22.01,64,40,12.66,scattered clouds
13,Grindavik,IS,2022-02-13 22:04:39,63.8424,-22.4338,27.07,86,0,6.91,clear sky
14,Tasiilaq,GL,2022-02-13 22:06:19,65.6145,-37.6368,21.36,82,100,12.93,overcast clouds
15,Lagoa,PT,2022-02-13 22:06:19,39.05,-27.9833,56.57,59,85,4.94,overcast clouds
16,Ponta Do Sol,PT,2022-02-13 22:04:17,32.6667,-17.1,64.06,57,97,2.48,overcast clouds
17,Thompson,CA,2022-02-13 22:06:20,55.7435,-97.8558,-1.3,88,100,5.73,overcast clouds
18,Rikitea,PF,2022-02-13 22:06:20,-23.1203,-134.9692,78.51,71,74,12.59,light rain
19,Ushuaia,AR,2022-02-13 22:05:56,-54.8,-68.3,38.86,87,75,28.77,broken clouds
20,Georgetown,MY,2022-02-13 22:05:08,5.4112,100.3354,79.9,86,20,6.91,thunderstorm
21,Kaitangata,NZ,2022-02-13 22:04:10,-46.2817,169.8464,60.93,64,8,0.2,clear sky
22,Bluff,NZ,2022-02-13 22:06:21,-46.6,168.3333,59.81,71,18,2.98,few clouds
23,Oistins,BB,2022-02-13 22:01:32,13.0667,-59.5333,77.88,69,48,17.85,scattered clouds
24,East London,ZA,2022-02-13 22:06:21,-33.0153,27.9116,72.91,83,83,10.13,broken clouds
25,Borogontsy,RU,2022-02-13 22:06:22,62.6683,131.1683,-40.49,100,51,2.48,broken clouds
26,Vaini,TO,2022-02-13 22:06:22,-21.2,-175.2,80.71,75,88,19.06,overcast clouds
27,Lavrentiya,RU,2022-02-13 22:06:23,65.5833,-171.0,-20.25,93,30,2.73,scattered clouds
28,Cape Town,ZA,2022-02-13 22:03:05,-33.9258,18.4232,68.34,83,8,7.0,clear sky
29,Sao Felix Do Xingu,BR,2022-02-13 22:06:23,-6.6447,-51.995,72.52,90,98,2.13,overcast clouds
30,Ahuimanu,US,2022-02-13 22:06:24,21.4447,-157.8378,80.31,62,40,13.8,scattered clouds
31,Dingle,PH,2022-02-13 22:03:00,10.9995,122.6711,73.98,94,96,6.51,overcast clouds
32,Hobart,AU,2022-02-13 22:06:24,-42.8794,147.3294,62.46,77,100,10.36,overcast clouds
33,Saldanha,ZA,2022-02-13 22:06:25,-33.0117,17.9442,64.63,91,0,20.56,clear sky
34,Atuona,PF,2022-02-13 22:06:25,-9.8,-139.0333,77.97,78,22,12.91,light rain
35,Birao,CF,2022-02-13 22:06:26,10.2849,22.7882,71.85,11,44,7.09,scattered clouds
36,Severo-Kurilsk,RU,2022-02-13 22:06:26,50.6789,156.125,23.16,68,26,11.92,scattered clouds
37,Port Lincoln,AU,2022-02-13 22:06:27,-34.7333,135.8667,66.97,82,96,10.09,overcast clouds
38,Hilo,US,2022-02-13 22:05:53,19.7297,-155.09,78.53,70,40,8.05,scattered clouds
39,Tiksi,RU,2022-02-13 22:06:27,71.6872,128.8694,-12.62,93,10,11.86,clear sky
40,General Pico,AR,2022-02-13 22:06:28,-35.6566,-63.7568,75.51,37,0,7.07,clear sky
41,Roald,NO,2022-02-13 22:06:28,62.5833,6.1333,39.11,100,75,14.97,broken clouds
42,Yellowknife,CA,2022-02-13 22:05:32,62.456,-114.3525,-10.59,68,86,4.0,overcast clouds
43,Hofn,IS,2022-02-13 22:06:29,64.2539,-15.2082,21.76,62,18,10.67,few clouds
44,Esperance,AU,2022-02-13 22:06:29,-33.8667,121.9,62.29,73,26,9.89,scattered clouds
45,Kuytun,RU,2022-02-13 22:07:29,54.3419,101.5036,-27.29,100,100,3.15,overcast clouds
46,Iqaluit,CA,2022-02-13 22:07:30,63.7506,-68.5145,-14.31,68,100,6.91,light snow
47,Brae,GB,2022-02-13 22:07:30,60.3964,-1.353,40.91,87,97,14.56,overcast clouds
48,Vilhena,BR,2022-02-13 22:07:31,-12.7406,-60.1458,72.01,94,99,3.33,moderate rain
49,Maryborough,AU,2022-02-13 22:07:31,-25.5333,152.7,75.02,77,28,9.93,scattered clouds
50,La Ronge,CA,2022-02-13 22:03:08,55.1001,-105.2842,13.14,85,100,8.21,overcast clouds
51,Hithadhoo,MV,2022-02-13 22:07:32,-0.6,73.0833,82.22,72,83,11.03,broken clouds
52,Harare,ZW,2022-02-13 22:02:57,-17.8294,31.0539,64.81,86,92,2.66,overcast clouds
53,Darasun,RU,2022-02-13 22:07:32,51.6667,114.0,-30.39,100,75,2.06,broken clouds
54,Woodward,US,2022-02-13 22:07:33,36.4337,-99.3904,61.83,25,0,3.44,clear sky
55,Codrington,AU,2022-02-13 22:07:33,-38.2667,141.9667,64.83,75,75,7.9,broken clouds
56,Souillac,MU,2022-02-13 22:06:39,-20.5167,57.5167,81.36,94,75,11.5,broken clouds
57,Matara,LK,2022-02-13 22:07:34,5.9485,80.5353,73.76,87,99,9.42,overcast clouds
58,Saint-Joseph,RE,2022-02-13 22:07:34,-21.3667,55.6167,77.38,85,19,11.39,few clouds
59,Tecoanapa,MX,2022-02-13 22:07:35,16.5167,-98.75,84.69,54,68,10.74,broken clouds
60,Kapaa,US,2022-02-13 22:07:35,22.0752,-159.319,79.12,63,75,13.8,broken clouds
61,Luderitz,NA,2022-02-13 22:07:36,-26.6481,15.1594,72.81,65,0,10.83,clear sky
62,Lukovit,BG,2022-02-13 22:07:36,43.2,24.1667,38.26,68,100,1.32,overcast clouds
63,Punta Arenas,CL,2022-02-13 22:07:36,-53.15,-70.9167,48.31,46,20,34.52,few clouds
64,Pospelikha,RU,2022-02-13 22:07:37,51.95,81.7667,22.26,92,100,19.93,light snow
65,Qaanaaq,GL,2022-02-13 22:07:37,77.484,-69.3632,-6.95,83,99,4.52,overcast clouds
66,Rodeo,US,2022-02-13 22:07:37,38.033,-122.2669,80.44,47,0,9.22,clear sky
67,Fevik,NO,2022-02-13 22:07:38,58.3794,8.6766,40.77,91,100,16.8,overcast clouds
68,Airai,TL,2022-02-13 22:07:38,-8.9266,125.4092,58.37,90,37,2.3,scattered clouds
69,Takoradi,GH,2022-02-13 22:07:39,4.8845,-1.7554,78.71,87,61,7.0,light rain
70,Nome,US,2022-02-13 22:07:39,64.5011,-165.4064,-8.84,64,0,6.91,clear sky
71,Ekibastuz,KZ,2022-02-13 22:07:40,51.6667,75.3667,2.79,98,72,2.82,broken clouds
72,Cidreira,BR,2022-02-13 22:07:41,-30.1811,-50.2056,69.21,93,100,1.88,overcast clouds
73,Tahe,CN,2022-02-13 22:07:41,52.3333,124.7333,-3.41,99,100,2.84,overcast clouds
74,Yar-Sale,RU,2022-02-13 22:07:41,66.8333,70.8333,-16.06,97,100,8.57,overcast clouds
75,Egvekinot,RU,2022-02-13 22:07:42,66.3167,-179.1667,-18.44,92,75,6.8,broken clouds
76,Naranjal,EC,2022-02-13 22:07:42,-2.6667,-79.6167,82.53,86,100,2.15,moderate rain
77,Kathu,TH,2022-02-13 22:07:43,7.9178,98.3332,78.62,80,30,8.16,scattered clouds
78,Lebu,CL,2022-02-13 22:07:43,-37.6167,-73.65,63.73,77,72,8.59,broken clouds
79,Port Blair,IN,2022-02-13 22:07:44,11.6667,92.75,73.44,73,20,2.3,mist
80,Upernavik,GL,2022-02-13 22:07:44,72.7868,-56.1549,-5.93,97,100,13.91,overcast clouds
81,Elk River,US,2022-02-13 22:07:44,45.3038,-93.5672,10.09,59,100,5.99,overcast clouds
82,Yaan,NG,2022-02-13 22:07:45,7.3833,8.5667,84.96,12,100,2.51,overcast clouds
83,Faanui,PF,2022-02-13 22:07:45,-16.4833,-151.75,80.76,74,100,14.63,light rain
84,Sao Jose Da Coroa Grande,BR,2022-02-13 22:07:46,-8.8978,-35.1478,81.0,74,11,13.89,few clouds
85,Shimoda,JP,2022-02-13 22:07:46,34.6667,138.95,36.1,90,100,20.09,light rain
86,Kodiak,US,2022-02-13 22:07:46,57.79,-152.4072,36.91,70,0,6.91,clear sky
87,Podbrdo,BA,2022-02-13 22:08:47,44.4408,17.0139,22.55,87,8,4.9,clear sky
88,Fort Nelson,CA,2022-02-13 22:08:47,58.8053,-122.7002,13.57,90,94,3.02,overcast clouds
89,Bacolod,PH,2022-02-13 22:08:48,10.6667,122.95,75.63,85,99,4.92,overcast clouds
90,Alofi,NU,2022-02-13 22:08:48,-19.0595,-169.9187,80.8,74,100,12.39,overcast clouds
91,Chokurdakh,RU,2022-02-13 22:08:48,70.6333,147.9167,-6.77,93,100,9.31,overcast clouds
92,Domoni,KM,2022-02-13 22:08:49,-12.2569,44.5319,78.94,83,1,2.1,clear sky
93,Batemans Bay,AU,2022-02-13 22:08:49,-35.7167,150.1833,74.19,60,100,5.06,overcast clouds
94,Opuwo,NA,2022-02-13 22:08:50,-18.0607,13.84,68.9,86,100,5.97,light rain
95,Bilibino,RU,2022-02-13 22:08:50,68.0546,166.4372,-32.19,100,86,2.51,overcast clouds
96,Fortuna,US,2022-02-13 22:08:51,40.5982,-124.1573,74.43,100,100,6.91,overcast clouds
97,Saint-Francois,FR,2022-02-13 22:08:51,46.4154,3.9054,48.67,65,0,17.27,clear sky
98,Magadi,IN,2022-02-13 22:08:51,12.9667,77.2333,62.94,83,21,8.7,few clouds
99,Isangel,VU,2022-02-13 22:08:52,-19.55,169.2667,83.25,76,83,9.73,broken clouds
100,Los Llanos De Aridane,ES,2022-02-13 22:08:52,28.6585,-17.9182,60.55,72,0,8.99,clear sky
101,Lahad Datu,MY,2022-02-13 22:08:53,5.0268,118.327,75.07,91,100,3.49,overcast clouds
102,Ayr,GB,2022-02-13 22:08:53,55.4627,-4.6339,44.55,100,100,10.36,light intensity drizzle rain
103,Ostrovnoy,RU,2022-02-13 22:08:53,68.0531,39.5131,18.73,65,100,21.88,overcast clouds
104,Ilulissat,GL,2022-02-13 22:08:54,69.2167,-51.1,15.82,79,40,25.32,scattered clouds
105,Atar,MR,2022-02-13 22:08:54,20.5169,-13.0499,69.89,19,100,9.8,overcast clouds
106,Leningradskiy,RU,2022-02-13 22:08:55,69.3833,178.4167,-17.23,92,94,6.17,overcast clouds
107,Englehart,CA,2022-02-13 22:08:55,47.8169,-79.8664,-4.02,90,95,1.99,overcast clouds
108,Mobai,SL,2022-02-13 22:08:55,7.9944,-10.7511,75.74,78,55,3.58,broken clouds
109,Barra Do Garcas,BR,2022-02-13 22:08:56,-15.89,-52.2567,75.36,93,35,4.79,scattered clouds
110,Erenhot,CN,2022-02-13 22:08:56,43.6475,111.9767,-7.8,94,11,3.67,few clouds
111,Arco,IT,2022-02-13 22:07:43,45.9177,10.8867,42.62,68,0,0.65,clear sky
112,Saint-Philippe,RE,2022-02-13 22:08:57,-21.3585,55.7679,78.39,88,40,11.01,scattered clouds
113,Yenangyaung,MM,2022-02-13 22:08:57,20.4667,94.8833,62.73,37,43,6.22,scattered clouds
114,Retiro,AR,2022-02-13 22:08:58,-34.5833,-58.3833,80.22,31,0,8.05,clear sky
115,Koulamoutou,GA,2022-02-13 22:08:58,-1.1303,12.4736,72.81,93,88,2.15,overcast clouds
116,Barrow,US,2022-02-13 22:08:59,71.2906,-156.7887,-27.38,68,40,9.22,scattered clouds
117,Avarua,CK,2022-02-13 22:08:10,-21.2078,-159.775,80.65,78,75,2.3,light rain
118,Nikolskoye,RU,2022-02-13 22:08:42,59.7035,30.7861,33.71,89,100,12.71,overcast clouds
119,New Norfolk,AU,2022-02-13 22:09:00,-42.7826,147.0587,62.1,69,94,2.37,overcast clouds
120,Longyearbyen,SJ,2022-02-13 22:09:00,78.2186,15.6401,15.64,92,75,1.14,light snow
121,Narsaq,GL,2022-02-13 22:07:48,60.9167,-46.05,25.02,89,100,5.44,overcast clouds
122,Provideniya,RU,2022-02-13 22:09:01,64.3833,-173.3,-5.69,65,0,6.71,clear sky
123,Beyneu,KZ,2022-02-13 22:09:01,45.3167,55.2,31.08,70,100,16.96,overcast clouds
124,Port Elizabeth,ZA,2022-02-13 22:05:39,-33.918,25.5701,69.48,82,54,9.89,broken clouds
125,Korhogo,CI,2022-02-13 22:09:02,9.45,-5.6333,76.98,12,5,3.38,clear sky
126,Xiongyue,CN,2022-02-13 22:09:02,40.1774,122.1228,17.01,93,100,13.85,light snow
127,Pochutla,MX,2022-02-13 22:09:03,15.7432,-96.4661,88.83,50,70,7.78,broken clouds
128,Arraial Do Cabo,BR,2022-02-13 22:09:03,-22.9661,-42.0278,76.86,88,20,16.11,few clouds
129,Bontoc,PH,2022-02-13 22:09:04,17.0899,120.978,64.76,97,59,0.36,broken clouds
130,Kanashevo,RU,2022-02-13 22:09:04,55.2169,62.0634,16.11,97,100,2.19,light snow
131,Petropavlovsk-Kamchatskiy,RU,2022-02-13 22:09:04,53.0452,158.6483,16.39,57,75,8.95,broken clouds
132,Saskylakh,RU,2022-02-13 22:10:05,71.9167,114.0833,-17.57,88,41,3.0,scattered clouds
133,San Quintin,MX,2022-02-13 22:09:46,30.4833,-115.95,75.22,24,4,10.45,clear sky
134,Half Moon Bay,US,2022-02-13 22:10:06,37.4636,-122.4286,81.14,50,0,0.0,clear sky
135,Torbay,CA,2022-02-13 22:10:04,47.6666,-52.7314,37.58,70,98,1.99,overcast clouds
136,Cao Bang,VN,2022-02-13 22:10:07,22.6667,106.25,48.18,94,7,1.86,clear sky
137,Saint-Pierre,RE,2022-02-13 22:10:07,-21.3393,55.4781,78.48,83,0,13.8,clear sky
138,Bethel,US,2022-02-13 22:10:08,41.3712,-73.414,29.68,67,100,8.05,overcast clouds
139,Rabaul,PG,2022-02-13 22:10:08,-4.1967,152.1721,79.41,80,100,5.14,overcast clouds
140,Bredasdorp,ZA,2022-02-13 22:10:08,-34.5322,20.0403,65.28,80,96,14.76,overcast clouds
141,Pirmasens,DE,2022-02-13 22:10:09,49.2015,7.6053,48.25,80,60,6.11,broken clouds
142,Kansanshi,ZM,2022-02-13 22:10:09,-12.0951,26.4273,60.6,90,99,2.1,overcast clouds
143,Batagay-Alyta,RU,2022-02-13 22:10:10,67.8006,130.4114,-8.46,81,100,3.71,overcast clouds
144,Pimentel,PE,2022-02-13 22:10:10,-6.8367,-79.9342,77.29,61,0,19.57,clear sky
145,Kununurra,AU,2022-02-13 22:08:25,-15.7667,128.7333,75.18,88,4,3.44,clear sky
146,Salym,RU,2022-02-13 22:10:11,60.0625,71.4789,3.02,97,100,3.78,light snow
147,Harper,LR,2022-02-13 22:09:16,4.375,-7.7169,78.01,85,59,3.67,broken clouds
148,Caravelas,BR,2022-02-13 22:10:11,-17.7125,-39.2481,76.68,84,77,6.78,broken clouds
149,Guaruja,BR,2022-02-13 22:05:22,-23.9931,-46.2564,83.16,26,56,1.01,broken clouds
150,Parauna,BR,2022-02-13 22:10:12,-16.9478,-50.4486,71.37,94,43,5.99,scattered clouds
151,Bengkulu,ID,2022-02-13 22:10:13,-3.8004,102.2655,75.52,89,99,3.94,overcast clouds
152,San Matias,BO,2022-02-13 22:10:13,-16.3667,-58.4,78.42,85,100,4.79,overcast clouds
153,Vila Velha,BR,2022-02-13 22:10:14,-20.3297,-40.2925,76.95,94,100,4.61,overcast clouds
154,Hermanus,ZA,2022-02-13 22:08:01,-34.4187,19.2345,65.8,83,58,18.05,broken clouds
155,Aklavik,CA,2022-02-13 22:10:14,68.2191,-135.0107,-18.33,96,100,6.35,light snow
156,Omboue,GA,2022-02-13 22:10:15,-1.5746,9.2618,78.21,85,98,3.96,overcast clouds
157,Victoria,HK,2022-02-13 22:06:04,22.2855,114.1577,61.95,85,100,10.0,overcast clouds
158,Cabo San Lucas,MX,2022-02-13 22:09:43,22.8909,-109.9124,83.61,49,40,13.8,scattered clouds
159,Xichang,CN,2022-02-13 22:10:15,27.8964,102.2634,37.13,74,0,1.3,clear sky
160,Yeppoon,AU,2022-02-13 22:10:16,-23.1333,150.7333,76.78,78,33,19.13,scattered clouds
161,Maun,BW,2022-02-13 22:10:16,-19.9833,23.4167,71.46,65,8,2.08,clear sky
162,Saint Anthony,US,2022-02-13 22:09:42,45.0205,-93.218,9.28,54,100,12.66,overcast clouds
163,Vanimo,PG,2022-02-13 22:10:17,-2.6741,141.3028,78.01,89,100,3.67,overcast clouds
164,Port Macquarie,AU,2022-02-13 22:09:15,-31.4333,152.9167,68.9,69,63,2.77,broken clouds
165,Cayenne,GF,2022-02-13 22:10:17,4.9333,-52.3333,80.1,86,100,2.3,light rain
166,Dhidhdhoo,MV,2022-02-13 22:10:18,6.8833,73.1,78.46,80,100,4.5,overcast clouds
167,Cazones,MX,2022-02-13 22:10:18,20.7167,-97.3167,64.2,55,75,6.91,broken clouds
168,Puerto Escondido,MX,2022-02-13 22:10:19,15.85,-97.0667,83.23,74,75,0.0,broken clouds
169,Aviles,ES,2022-02-13 22:10:19,43.5547,-5.9248,51.73,77,20,21.85,few clouds
170,Dikson,RU,2022-02-13 22:10:19,73.5069,80.5464,-4.67,87,100,24.74,overcast clouds
171,Moose Factory,CA,2022-02-13 22:10:20,51.2585,-80.6094,-0.35,89,100,3.15,overcast clouds
172,Mar Del Plata,AR,2022-02-13 22:09:10,-38.0023,-57.5575,69.82,64,0,8.05,clear sky
173,Presidencia Roque Saenz Pena,AR,2022-02-13 22:10:20,-26.7852,-60.4388,85.37,28,0,3.78,clear sky
174,Isla Mujeres,MX,2022-02-13 22:10:21,21.2311,-86.731,78.85,76,55,19.51,broken clouds
175,Cayambe,EC,2022-02-13 22:10:21,0.05,-78.1333,56.46,84,100,2.55,light rain
176,Husavik,IS,2022-02-13 22:10:22,66.0449,-17.3389,9.66,78,69,14.09,broken clouds
177,Clarence Town,AU,2022-02-13 22:10:22,-32.5833,151.7833,74.86,64,85,5.46,overcast clouds
178,Makungu,TZ,2022-02-13 22:10:22,-8.7333,35.2833,64.0,95,100,1.81,light rain
179,Huangchuan,CN,2022-02-13 22:11:23,32.1272,115.0394,38.73,85,32,1.16,scattered clouds
180,Kruisfontein,ZA,2022-02-13 22:10:30,-34.0033,24.7314,65.32,84,23,6.78,few clouds
181,Blackfoot,US,2022-02-13 22:09:50,43.1905,-112.345,40.78,84,2,3.36,clear sky
182,Port Alfred,ZA,2022-02-13 22:09:58,-33.5906,26.891,71.4,86,87,11.18,overcast clouds
183,Little Current,CA,2022-02-13 22:11:24,45.9793,-81.9248,4.41,74,12,1.03,few clouds
184,Chuy,UY,2022-02-13 22:11:24,-33.6971,-53.4616,66.72,50,1,10.09,clear sky
185,Mujiayingzi,CN,2022-02-13 22:11:25,42.1167,118.7833,3.25,96,99,3.89,overcast clouds
186,Kerema,PG,2022-02-13 22:11:25,-7.9631,145.7785,79.97,76,82,1.88,broken clouds
187,Sitka,US,2022-02-13 22:11:25,57.0531,-135.33,42.69,75,100,6.91,light rain
188,Hamilton,US,2022-02-13 22:11:26,39.1834,-84.5333,29.12,73,100,11.5,overcast clouds
189,Jalu,LY,2022-02-13 22:09:06,29.0331,21.5482,55.24,52,66,7.14,broken clouds
190,Adrar,MR,2022-02-13 22:11:26,20.5022,-10.0711,64.33,20,73,10.54,broken clouds
191,Comodoro Rivadavia,AR,2022-02-13 22:11:27,-45.8667,-67.5,67.86,64,20,18.41,few clouds
192,Fairview,US,2022-02-13 22:11:27,40.8126,-73.999,31.62,75,100,10.36,overcast clouds
193,Nyurba,RU,2022-02-13 22:11:28,63.2842,118.3319,-23.15,100,99,1.43,overcast clouds
194,San Patricio,US,2022-02-13 22:11:28,28.017,-97.5169,66.61,22,19,5.73,few clouds
195,Makakilo City,US,2022-02-13 22:07:50,21.3469,-158.0858,79.12,52,0,12.66,clear sky
196,Kjopsvik,NO,2022-02-13 22:11:29,68.097,16.3742,33.17,92,100,10.29,snow
197,Sola,VU,2022-02-13 22:11:29,-13.8833,167.55,82.15,77,100,19.26,overcast clouds
198,Acari,PE,2022-02-13 22:11:30,-15.4311,-74.6158,78.71,61,34,8.61,scattered clouds
199,Sao Filipe,CV,2022-02-13 22:09:40,14.8961,-24.4956,74.35,64,55,11.45,broken clouds
200,Fairbanks,US,2022-02-13 22:06:51,64.8378,-147.7164,15.22,81,100,4.61,mist
201,High Level,CA,2022-02-13 22:08:22,58.5169,-117.136,5.68,86,16,3.13,few clouds
202,Balclutha,NZ,2022-02-13 22:11:30,-46.2339,169.75,61.61,64,12,1.28,few clouds
203,Kavieng,PG,2022-02-13 22:07:44,-2.5744,150.7967,82.08,76,97,6.2,overcast clouds
204,Bambous Virieux,MU,2022-02-13 22:11:31,-20.3428,57.7575,81.21,94,75,11.5,broken clouds
205,Thames,NZ,2022-02-13 22:11:31,-37.1333,175.5333,71.11,60,2,3.22,clear sky
206,Khatanga,RU,2022-02-13 22:11:32,71.9667,102.5,-25.62,96,74,3.15,broken clouds
207,Gurupa,BR,2022-02-13 22:11:32,-1.405,-51.64,75.2,91,76,3.02,broken clouds
208,Poronaysk,RU,2022-02-13 22:11:33,49.2167,143.1167,5.13,95,90,6.87,overcast clouds
209,Lunavada,IN,2022-02-13 22:11:33,23.1333,73.6167,65.3,30,0,3.96,clear sky
210,Kearney,US,2022-02-13 22:11:34,40.6995,-99.0815,45.16,33,0,17.27,clear sky
211,Manado,ID,2022-02-13 22:11:34,1.487,124.8455,72.37,94,20,1.14,few clouds
212,Gore,NZ,2022-02-13 22:11:35,-46.1028,168.9436,59.23,63,15,1.5,few clouds
213,Nalut,LY,2022-02-13 22:11:35,30.3333,10.85,53.83,28,22,12.15,few clouds
214,Norman Wells,CA,2022-02-13 22:10:31,65.282,-126.8329,-2.99,92,100,7.14,overcast clouds
215,Poum,NC,2022-02-13 22:10:07,-20.2333,164.0167,81.77,76,96,11.39,overcast clouds
216,Acarau,BR,2022-02-13 22:11:36,-2.8856,-40.12,79.93,79,10,15.48,clear sky
217,Butaritari,KI,2022-02-13 22:09:34,3.0707,172.7902,81.55,77,60,12.77,light rain
218,Tezu,IN,2022-02-13 22:11:37,27.9167,96.1667,52.41,43,0,5.06,clear sky
219,Bonavista,CA,2022-02-13 22:11:37,48.6499,-53.1147,38.12,76,100,19.06,overcast clouds
220,Kenai,US,2022-02-13 22:11:37,60.5544,-151.2583,33.03,95,100,6.91,mist
221,Nelson Bay,AU,2022-02-13 22:10:11,-32.7167,152.15,75.0,76,97,1.99,overcast clouds
222,Zhigalovo,RU,2022-02-13 22:11:38,54.8097,105.1578,-33.16,100,88,2.01,overcast clouds
223,Homer,US,2022-02-13 22:11:38,59.6425,-151.5483,35.8,83,75,10.0,broken clouds
224,Salalah,OM,2022-02-13 22:11:39,17.0151,54.0924,75.29,23,0,21.85,clear sky
225,Okha,RU,2022-02-13 22:12:39,53.5739,142.9478,-13.2,96,19,9.04,few clouds
226,Linhares,BR,2022-02-13 22:12:40,-19.3911,-40.0722,75.4,88,33,6.29,scattered clouds
227,Naze,JP,2022-02-13 22:11:06,28.3667,129.4833,58.12,88,100,20.04,light rain
228,Ribeira Grande,PT,2022-02-13 22:12:40,38.5167,-28.7,58.35,69,99,9.64,overcast clouds
229,Baykit,RU,2022-02-13 22:12:40,61.67,96.37,-19.52,100,90,3.76,overcast clouds
230,Ornskoldsvik,SE,2022-02-13 22:12:41,63.2909,18.7153,32.95,93,59,8.05,broken clouds
231,Hervey Bay,AU,2022-02-13 22:12:41,-25.2986,152.8535,77.04,75,14,19.13,light rain
232,Ajdabiya,LY,2022-02-13 22:12:42,30.7554,20.2263,54.81,72,0,6.51,clear sky
233,Loei,TH,2022-02-13 22:12:42,17.4167,101.5,61.86,85,99,3.91,overcast clouds
234,Prince Rupert,CA,2022-02-13 22:10:11,54.3161,-130.3201,50.09,66,100,11.5,light rain
235,Huarmey,PE,2022-02-13 22:12:43,-10.0681,-78.1522,75.74,72,9,11.21,clear sky
236,Kahului,US,2022-02-13 22:08:59,20.8947,-156.47,80.62,67,20,17.27,few clouds
237,Mayo,US,2022-02-13 22:09:26,38.8876,-76.5119,35.37,74,100,6.91,overcast clouds
238,Nemuro,JP,2022-02-13 22:10:43,43.3236,145.575,26.82,86,100,11.01,overcast clouds
239,High Prairie,CA,2022-02-13 22:12:44,55.4334,-116.4858,27.63,81,79,1.9,broken clouds
240,Lasa,IT,2022-02-13 22:12:44,46.6166,10.7002,26.37,63,1,2.17,clear sky
241,Launceston,AU,2022-02-13 22:12:45,-41.45,147.1667,64.15,84,86,5.75,overcast clouds
242,Pisco,PE,2022-02-13 22:08:16,-13.7,-76.2167,73.45,64,0,20.71,clear sky
243,Coahuayana,MX,2022-02-13 22:12:00,18.7333,-103.6833,96.28,37,95,6.85,overcast clouds
244,Valvedditturai,LK,2022-02-13 22:12:45,9.8167,80.1667,77.52,71,36,12.59,scattered clouds
245,Aksu,CN,2022-02-13 22:12:46,41.1231,80.2644,28.08,40,11,5.28,few clouds
246,Sicamous,CA,2022-02-13 22:12:46,50.8331,-118.9856,44.19,96,75,1.95,broken clouds
247,Sabang,ID,2022-02-13 22:12:47,5.8933,95.3214,81.32,74,46,9.71,scattered clouds
248,Nakusp,CA,2022-02-13 22:12:47,50.2499,-117.8023,37.96,99,50,0.89,scattered clouds
249,Dromolaxia,CY,2022-02-13 22:12:48,34.8761,33.586,55.98,76,40,2.3,scattered clouds
250,Bitung,ID,2022-02-13 22:08:06,1.4451,125.1824,72.45,82,73,3.74,broken clouds
251,Dunedin,NZ,2022-02-13 22:10:32,-45.8742,170.5036,57.56,67,3,3.11,clear sky
252,Yining,CN,2022-02-13 22:10:26,29.0361,114.5636,39.42,89,55,1.19,broken clouds
253,Margate,GB,2022-02-13 22:08:04,51.3813,1.3862,49.96,88,100,11.01,light rain
254,Mount Hagen,PG,2022-02-13 22:12:49,-5.8581,144.2274,61.86,97,100,1.39,overcast clouds
255,Poltavka,RU,2022-02-13 22:12:49,54.3663,71.7632,-13.31,100,35,4.85,scattered clouds
256,Ranong,TH,2022-02-13 22:12:50,9.9658,98.6348,76.89,89,96,3.27,overcast clouds
257,Phuket,TH,2022-02-13 22:12:50,8.0,98.25,79.02,83,75,4.61,broken clouds
258,Piacenza,IT,2022-02-13 22:12:50,45.0468,9.6994,44.26,65,58,2.17,broken clouds
259,Nioro,GM,2022-02-13 22:12:51,13.35,-15.75,80.02,11,35,7.78,scattered clouds
260,Tubmanburg,LR,2022-02-13 22:12:51,6.8708,-10.8172,75.11,90,17,2.84,few clouds
261,Saint George,US,2022-02-13 22:07:52,37.1041,-113.5841,72.07,14,0,1.99,clear sky
262,Sur,OM,2022-02-13 22:12:52,22.5667,59.5289,71.55,70,0,11.48,clear sky
263,Nzerekore,GN,2022-02-13 22:12:52,7.7562,-8.8179,76.21,50,42,3.0,scattered clouds
264,Surt,LY,2022-02-13 22:12:53,31.2089,16.5887,57.4,68,12,8.84,few clouds
265,Saint-Louis,SN,2022-02-13 22:12:53,16.3333,-15.0,74.26,14,77,9.84,broken clouds
266,Vostok,RU,2022-02-13 22:12:53,46.4856,135.8833,1.47,99,100,0.69,overcast clouds
267,Castro,BR,2022-02-13 22:09:41,-24.7911,-50.0119,66.65,92,35,5.44,scattered clouds
268,Port-Gentil,GA,2022-02-13 22:11:06,-0.7193,8.7815,80.85,78,100,5.66,overcast clouds
269,Mahebourg,MU,2022-02-13 22:09:38,-20.4081,57.7,81.25,94,75,11.5,broken clouds
270,Ugoofaaru,MV,2022-02-13 22:12:55,5.6667,73.0,80.46,76,94,7.11,overcast clouds
271,Kodinsk,RU,2022-02-13 22:12:55,58.6881,99.1844,-21.5,100,55,3.15,broken clouds
272,Kumphawapi,TH,2022-02-13 22:12:55,17.1087,103.0149,72.0,81,84,6.22,broken clouds
273,Ronda,ES,2022-02-13 22:13:53,36.7423,-5.1671,49.86,85,100,2.8,overcast clouds
274,Anaconda,US,2022-02-13 22:12:53,46.1285,-112.9423,48.78,59,22,2.86,few clouds
275,Mount Gambier,AU,2022-02-13 22:13:56,-37.8333,140.7667,64.31,77,100,12.66,overcast clouds
276,Buchanan,LR,2022-02-13 22:09:55,5.8808,-10.0467,78.76,84,30,5.91,scattered clouds
277,Pangoa,PE,2022-02-13 22:13:57,-12.1167,-73.0,75.45,81,99,1.3,overcast clouds
278,Mukhen,RU,2022-02-13 22:13:57,48.1,136.1,3.16,98,100,1.48,overcast clouds
279,Alyangula,AU,2022-02-13 22:12:56,-13.8483,136.4192,82.92,68,24,11.83,few clouds
280,Camopi,GF,2022-02-13 22:13:58,3.1655,-52.3158,73.18,98,97,3.53,moderate rain
281,Geraldton,AU,2022-02-13 22:10:37,-28.7667,114.6,73.81,83,75,4.61,broken clouds
282,Uarini,BR,2022-02-13 22:13:59,-2.99,-65.1083,84.15,95,94,2.73,overcast clouds
283,Iralaya,HN,2022-02-13 22:13:59,15.0,-83.2333,78.89,71,4,10.2,clear sky
284,Taraz,KZ,2022-02-13 22:14:00,42.9,71.3667,34.29,100,100,2.24,overcast clouds
285,Dobson,US,2022-02-13 22:14:00,36.3957,-80.7226,42.48,48,0,9.22,clear sky
286,Sharqpur,PK,2022-02-13 22:14:00,31.4633,74.1,51.93,74,85,5.39,overcast clouds
287,Westport,US,2022-02-13 22:12:42,41.1415,-73.3579,30.79,72,100,12.66,overcast clouds
288,Pervomayskiy,RU,2022-02-13 22:14:01,53.2485,40.2871,18.12,93,54,8.37,broken clouds
289,Banyo,CM,2022-02-13 22:14:02,6.75,11.8167,69.73,21,58,4.65,broken clouds
290,Yulara,AU,2022-02-13 22:10:40,-25.2406,130.9889,69.64,37,1,5.75,clear sky
291,Chateauroux,FR,2022-02-13 22:14:02,46.8167,1.7,53.6,62,0,20.71,clear sky
292,Vila Franca Do Campo,PT,2022-02-13 22:14:03,37.7167,-25.4333,60.19,74,8,5.12,clear sky
293,Aitape,PG,2022-02-13 22:14:03,-3.1374,142.3475,78.51,86,100,3.22,overcast clouds
294,Ancud,CL,2022-02-13 22:11:13,-41.8697,-73.8203,77.23,75,13,4.68,few clouds
295,Omsukchan,RU,2022-02-13 22:14:04,62.5333,155.8,-29.9,99,45,3.56,scattered clouds
296,Aktash,RU,2022-02-13 22:14:04,50.3,87.7333,-13.02,92,87,4.68,overcast clouds
297,Wigston,GB,2022-02-13 22:14:05,52.5863,-1.1059,50.05,93,100,16.15,light rain
298,Cherskiy,RU,2022-02-13 22:09:33,68.75,161.3,-23.26,97,98,7.85,overcast clouds
299,Hambantota,LK,2022-02-13 22:10:20,6.1241,81.1185,75.74,82,97,11.99,overcast clouds
300,Zapolyarnyy,RU,2022-02-13 22:14:06,69.4154,30.8136,16.88,95,100,7.61,snow
301,Colac,AU,2022-02-13 22:14:06,-38.3333,143.5833,67.01,52,7,2.39,clear sky
302,Shaowu,CN,2022-02-13 22:14:06,27.3409,117.4831,44.35,96,96,1.79,overcast clouds
303,Vao,NC,2022-02-13 22:13:16,-22.6667,167.4833,79.74,84,100,8.66,overcast clouds
304,Jizan,SA,2022-02-13 22:14:07,17.3333,42.6667,77.5,76,52,6.33,broken clouds
305,Maragogi,BR,2022-02-13 22:13:48,-9.0122,-35.2225,80.92,74,17,13.98,few clouds
306,Nador,MA,2022-02-13 22:14:08,35.174,-2.9287,52.05,76,0,4.61,clear sky
307,Erdenet,MN,2022-02-13 22:14:08,49.0333,104.0833,-15.45,99,100,0.2,overcast clouds
308,Kyra,RU,2022-02-13 22:14:08,49.5776,111.9753,-23.62,99,46,3.4,scattered clouds
309,Kasongo-Lunda,CD,2022-02-13 22:14:09,-6.4667,16.8167,71.2,95,100,0.45,light rain
310,Worthington,US,2022-02-13 22:14:09,40.0931,-83.018,23.67,64,75,11.5,broken clouds
311,Murwara,IN,2022-02-13 22:14:10,23.85,80.4,53.92,40,1,5.39,clear sky
312,Monywa,MM,2022-02-13 22:14:10,22.1167,95.1333,59.99,45,4,6.58,clear sky
313,Creel,MX,2022-02-13 22:14:10,27.75,-107.6333,56.8,15,98,10.85,overcast clouds
314,Boyolangu,ID,2022-02-13 22:14:11,-8.1181,111.8935,74.35,93,100,2.89,overcast clouds
315,Tamiahua,MX,2022-02-13 22:14:11,21.2667,-97.45,61.99,45,30,15.14,scattered clouds
316,Camacha,PT,2022-02-13 22:14:12,33.0833,-16.3333,57.96,67,20,12.66,few clouds
317,Bandarbeyla,SO,2022-02-13 22:09:56,9.4942,50.8122,74.41,67,31,14.99,scattered clouds
318,Maldonado,UY,2022-02-13 22:14:12,-34.6667,-54.9167,68.14,58,6,10.47,clear sky
319,Baruun-Urt,MN,2022-02-13 22:12:00,46.6806,113.2792,-18.22,99,69,1.68,broken clouds
320,Lompoc,US,2022-02-13 22:12:44,34.6391,-120.4579,84.34,36,0,12.66,clear sky
321,Malibu,US,2022-02-13 22:15:13,34.005,-118.8101,90.52,18,1,1.01,clear sky
322,Tazovskiy,RU,2022-02-13 22:15:14,67.4667,78.7,-9.45,96,35,10.92,scattered clouds
323,Traralgon,AU,2022-02-13 22:15:14,-38.1833,146.5333,81.91,46,9,1.12,clear sky
324,Sayyan,YE,2022-02-13 22:15:14,15.1718,44.3244,51.13,55,15,1.48,few clouds
325,Burns Lake,CA,2022-02-13 22:15:03,54.2331,-125.7533,36.82,89,100,3.02,overcast clouds
326,Carnarvon,AU,2022-02-13 22:10:30,-24.8667,113.6333,75.27,88,3,0.0,clear sky
327,Balkhash,KZ,2022-02-13 22:15:15,46.844,74.9804,14.22,97,100,3.18,overcast clouds
328,Mana,GF,2022-02-13 22:15:16,5.6592,-53.7767,76.64,89,31,9.26,scattered clouds
329,Wolfsburg,DE,2022-02-13 22:13:01,52.4333,10.8,46.35,68,100,11.41,overcast clouds
330,Muros,ES,2022-02-13 22:15:16,42.7762,-9.0603,51.84,76,13,19.17,few clouds
331,Clyde River,CA,2022-02-13 22:15:17,70.4692,-68.5914,-18.17,69,100,18.41,haze
332,Kantabanji,IN,2022-02-13 22:15:17,20.4833,82.9167,57.61,30,9,0.69,clear sky
333,Beringovskiy,RU,2022-02-13 22:15:17,63.05,179.3167,-24.93,96,16,7.09,few clouds
334,Olivenza,ES,2022-02-13 22:15:18,38.6832,-7.103,53.2,88,89,10.76,overcast clouds
335,The Valley,AI,2022-02-13 22:15:19,18.217,-63.0578,77.14,73,75,17.27,broken clouds
336,Kota Belud,MY,2022-02-13 22:15:19,6.351,116.4305,75.06,79,98,4.14,overcast clouds
337,Shirokiy,RU,2022-02-13 22:15:19,49.758,129.523,-0.08,98,100,2.13,overcast clouds
338,Jalpan,MX,2022-02-13 22:15:20,21.2333,-99.4833,54.64,66,100,2.75,overcast clouds
339,College,US,2022-02-13 22:15:20,64.8569,-147.8028,14.22,81,100,3.44,light snow
340,Nieuw Amsterdam,SR,2022-02-13 22:15:21,5.8833,-55.0833,80.62,82,20,11.5,few clouds
341,Chokwe,MZ,2022-02-13 22:15:21,-24.5333,32.9833,70.59,83,0,4.59,clear sky
342,Mago,RU,2022-02-13 22:15:22,53.2514,140.1822,-16.82,100,93,0.51,overcast clouds
343,Moerai,PF,2022-02-13 22:15:22,-22.4333,-151.3333,78.31,75,100,11.18,overcast clouds
344,San Fernando,PH,2022-02-13 22:15:22,15.0286,120.6898,78.15,92,78,3.69,broken clouds
345,Lerwick,GB,2022-02-13 22:15:23,60.1545,-1.1494,41.0,88,100,8.93,overcast clouds
346,Santiago De Cao,PE,2022-02-13 22:15:23,-7.9589,-79.2392,71.73,83,40,11.5,scattered clouds
347,Touros,BR,2022-02-13 22:15:24,-5.1989,-35.4608,83.3,76,8,12.95,clear sky
348,Tucuman,AR,2022-02-13 22:15:24,-26.8241,-65.2226,78.8,41,20,4.61,few clouds
349,Vuktyl,RU,2022-02-13 22:15:24,63.8567,57.3094,3.99,98,100,3.44,overcast clouds
350,Sovetskiy,RU,2022-02-13 22:15:25,61.3614,63.5842,-12.89,100,83,2.75,broken clouds
351,Kallaste,EE,2022-02-13 22:15:25,58.655,27.1592,35.92,83,100,17.52,overcast clouds
352,Micheweni,TZ,2022-02-13 22:15:26,-4.9667,39.8333,78.73,80,80,7.81,broken clouds
353,Amberley,US,2022-02-13 22:15:26,39.2048,-84.428,28.02,74,100,11.5,overcast clouds
354,Sidi Ali,DZ,2022-02-13 22:15:26,36.0998,0.4206,49.05,82,2,3.6,clear sky
355,Arlington,US,2022-02-13 22:14:30,32.7357,-97.1081,67.01,21,0,11.5,clear sky
356,Tuktoyaktuk,CA,2022-02-13 22:15:27,69.4541,-133.0374,-32.8,68,75,3.44,broken clouds
357,Brainerd,US,2022-02-13 22:15:28,46.358,-94.2008,3.49,60,100,10.36,overcast clouds
358,Nsanje,MW,2022-02-13 22:15:28,-16.92,35.262,73.47,98,87,1.57,overcast clouds
359,El Ejido,ES,2022-02-13 22:15:28,36.7763,-2.8146,56.1,80,70,9.64,broken clouds
360,Atibaia,BR,2022-02-13 22:15:29,-23.131,-46.589,74.88,88,30,1.61,scattered clouds
361,Marrakesh,MA,2022-02-13 22:12:15,31.6315,-8.0083,60.87,27,0,5.75,clear sky
362,Tessalit,ML,2022-02-13 22:15:29,20.1986,1.0114,65.98,17,14,9.19,few clouds
363,Taksimo,RU,2022-02-13 22:16:30,56.3444,114.8794,-26.63,91,24,1.43,few clouds
364,Tuatapere,NZ,2022-02-13 22:16:30,-46.1333,167.6833,59.83,56,33,2.13,scattered clouds
365,Grand Gaube,MU,2022-02-13 22:13:49,-20.0064,57.6608,81.37,77,91,5.01,overcast clouds
366,Jacqueville,CI,2022-02-13 22:16:32,5.2052,-4.4146,78.71,84,100,5.79,light rain
367,Denpasar,ID,2022-02-13 22:16:32,-8.65,115.2167,78.46,94,40,2.3,scattered clouds
368,Roseburg,US,2022-02-13 22:16:33,43.2165,-123.3417,72.09,59,0,1.01,clear sky
369,Lata,PT,2022-02-13 22:16:33,40.1629,-8.3327,53.82,92,65,6.33,broken clouds
370,Rincon,US,2022-02-13 22:16:34,32.296,-81.2354,62.85,41,20,12.66,few clouds
371,Vallenar,CL,2022-02-13 22:15:17,-28.5708,-70.7581,79.3,34,0,8.79,clear sky
372,Sambava,MG,2022-02-13 22:16:34,-14.2667,50.1667,75.11,90,47,6.2,light rain
373,Auki,SB,2022-02-13 22:12:02,-8.7676,160.7034,77.25,89,100,4.76,light rain
374,Mahina,PF,2022-02-13 22:16:35,-17.5065,-149.489,87.57,62,75,16.11,broken clouds
375,Xiongzhou,CN,2022-02-13 22:16:35,25.1167,114.3,45.45,93,100,3.98,overcast clouds
376,Mehamn,NO,2022-02-13 22:16:36,71.0357,27.8492,22.91,93,75,17.27,light snow
377,Koslan,RU,2022-02-13 22:16:36,63.4564,48.8989,1.17,100,93,3.31,overcast clouds
378,Gamba,GA,2022-02-13 22:16:37,-2.65,10.0,77.25,87,98,2.3,light rain
379,Derzhavinsk,KZ,2022-02-13 22:16:37,51.1,66.3167,19.65,96,100,9.35,snow
380,Victor Harbor,AU,2022-02-13 22:16:38,-35.5667,138.6167,76.71,85,45,7.76,scattered clouds
381,Constitucion,CL,2022-02-13 22:16:22,-35.3333,-72.4167,65.46,76,57,7.25,broken clouds
382,Xuanhua,CN,2022-02-13 22:16:38,40.6103,115.0447,4.48,76,11,7.49,few clouds
383,Havoysund,NO,2022-02-13 22:16:39,70.9963,24.6622,18.48,86,100,4.76,light snow
384,Chapais,CA,2022-02-13 22:16:40,49.7834,-74.8492,-7.82,92,100,1.77,overcast clouds
385,Ruteng,ID,2022-02-13 22:16:41,-8.6136,120.4721,61.0,90,77,1.34,broken clouds
386,Cordele,US,2022-02-13 22:16:41,31.9635,-83.7824,59.11,20,0,12.66,clear sky
387,Korla,CN,2022-02-13 22:16:41,41.7597,86.1469,28.35,47,0,4.29,clear sky
388,Tala,EG,2022-02-13 22:16:42,30.6803,30.9429,46.36,90,16,4.27,few clouds
389,Port Augusta,AU,2022-02-13 22:16:42,-32.5,137.7667,84.7,44,57,10.89,broken clouds
390,Bataipora,BR,2022-02-13 22:16:43,-22.2953,-53.2711,79.43,62,94,1.72,overcast clouds
391,Tromso,NO,2022-02-13 22:16:43,69.6496,18.957,23.38,80,75,12.66,broken clouds
392,Puerto Del Rosario,ES,2022-02-13 22:16:44,28.5004,-13.8627,64.15,77,20,8.05,few clouds
393,Mezhdurechenskiy,RU,2022-02-13 22:16:44,59.6,65.9333,-15.52,100,93,3.24,overcast clouds
394,Balabac,PH,2022-02-13 22:16:44,7.9868,117.0645,80.17,79,92,12.68,overcast clouds
395,Nichinan,JP,2022-02-13 22:16:45,31.6,131.3667,50.27,89,100,10.31,overcast clouds
396,Marzuq,YE,2022-02-13 22:16:45,14.4,46.4667,57.74,47,3,3.44,clear sky
397,Karema,TZ,2022-02-13 22:16:46,-6.8205,30.4389,70.39,86,91,3.8,overcast clouds
398,Nantucket,US,2022-02-13 22:13:52,41.2835,-70.0995,38.14,84,100,15.95,snow
399,Taos,US,2022-02-13 22:16:47,36.4072,-105.5731,50.02,27,0,11.01,clear sky
400,Uttaradit,TH,2022-02-13 22:16:47,17.6667,100.5,69.82,70,29,3.04,scattered clouds
401,Vardo,NO,2022-02-13 22:16:48,70.3705,31.1107,24.78,93,100,32.21,snow
402,Brigantine,US,2022-02-13 22:14:23,39.4101,-74.3646,34.32,93,100,8.05,light snow
403,Rundu,NA,2022-02-13 22:16:49,-17.9333,19.7667,67.12,85,42,4.72,scattered clouds
404,Kavaratti,IN,2022-02-13 22:17:49,10.5669,72.642,80.2,72,40,4.0,scattered clouds
405,Nanortalik,GL,2022-02-13 22:17:49,60.1432,-45.2371,28.02,82,100,8.72,overcast clouds
406,Salvador,SV,2022-02-13 22:16:58,13.8333,-88.9167,89.64,27,47,10.51,scattered clouds
407,Pahrump,US,2022-02-13 22:17:50,36.2083,-115.9839,72.52,8,0,3.0,clear sky
408,Taltal,CL,2022-02-13 22:17:50,-25.4,-70.4833,70.38,70,19,6.38,few clouds
409,Iracoubo,GF,2022-02-13 22:17:51,5.4802,-53.2011,76.46,89,64,9.75,broken clouds
410,Altay,CN,2022-02-13 22:17:33,47.8667,88.1167,6.04,72,78,6.64,broken clouds
411,Mindelo,CV,2022-02-13 22:17:51,16.8901,-24.9804,71.15,73,75,23.02,broken clouds
412,Lanivtsi,UA,2022-02-13 22:17:52,49.8633,26.0908,29.41,71,6,10.36,clear sky
413,Kanker,IN,2022-02-13 22:17:52,20.2719,81.4931,56.61,28,8,3.36,clear sky
414,Tulum,MX,2022-02-13 22:17:52,20.2167,-87.4667,80.65,68,61,10.92,broken clouds
415,Hami,CN,2022-02-13 22:17:53,42.8,93.45,25.21,48,37,4.61,scattered clouds
416,Danane,CI,2022-02-13 22:17:53,7.2596,-8.155,77.72,58,81,1.63,broken clouds
417,Colares,PT,2022-02-13 22:17:54,38.7992,-9.4469,56.39,76,27,20.0,scattered clouds
418,Necochea,AR,2022-02-13 22:17:54,-38.5473,-58.7368,72.03,46,0,5.99,clear sky
419,Mount Isa,AU,2022-02-13 22:17:55,-20.7333,139.5,78.57,65,24,5.75,few clouds
420,Waipawa,NZ,2022-02-13 22:17:55,-41.4122,175.5153,55.45,76,100,12.39,overcast clouds
421,Nuuk,GL,2022-02-13 22:17:56,64.1835,-51.7216,7.41,85,100,4.61,light snow
422,Manokwari,ID,2022-02-13 22:17:56,-0.8667,134.0833,77.9,76,100,4.94,overcast clouds
423,Wanxian,CN,2022-02-13 22:17:56,30.8039,108.3897,44.98,81,27,2.8,scattered clouds
424,Olinda,BR,2022-02-13 22:17:57,-8.0089,-34.8553,83.93,70,40,6.91,scattered clouds
425,Winona,US,2022-02-13 22:14:57,43.9666,-91.7668,11.93,54,0,5.75,clear sky
426,Portland,US,2022-02-13 22:13:11,45.5234,-122.6762,66.06,43,20,9.22,few clouds
427,Sochi,RU,2022-02-13 22:14:13,43.6,39.7303,41.09,69,100,5.53,overcast clouds
428,Bell Ville,AR,2022-02-13 22:17:58,-32.6259,-62.6887,74.8,25,0,2.57,clear sky
429,Nacala,MZ,2022-02-13 22:17:58,-14.5428,40.6728,76.05,93,17,1.57,few clouds
430,Kiruna,SE,2022-02-13 22:17:59,67.8557,20.2251,-4.88,84,71,8.05,broken clouds
431,Camargo,MX,2022-02-13 22:17:59,27.6667,-105.1667,61.38,14,99,3.42,overcast clouds
432,Youkounkoun,GN,2022-02-13 22:18:00,12.5333,-13.1333,78.87,13,18,5.01,few clouds
433,Sandur,IN,2022-02-13 22:18:00,15.1,76.55,67.33,65,2,6.33,clear sky
434,Shar,KZ,2022-02-13 22:18:00,49.5886,81.0453,21.24,95,100,14.25,snow
435,Abu Kamal,SY,2022-02-13 22:18:01,34.4506,40.9171,54.1,37,0,4.47,clear sky
436,Port Pirie,AU,2022-02-13 22:18:01,-33.1833,138.0167,80.53,30,2,2.73,clear sky
437,Treinta Y Tres,UY,2022-02-13 22:18:02,-33.2333,-54.3833,65.77,53,1,7.96,clear sky
438,Yerbogachen,RU,2022-02-13 22:18:02,61.2767,108.0108,-30.28,100,89,3.27,overcast clouds
439,Kirensk,RU,2022-02-13 22:18:03,57.7853,108.1119,-31.58,100,86,0.81,overcast clouds
440,Sao Joao Da Barra,BR,2022-02-13 22:18:03,-21.6403,-41.0511,76.41,89,6,10.51,clear sky
441,Esfarayen,IR,2022-02-13 22:18:04,37.0765,57.5101,33.46,74,28,7.05,scattered clouds
442,Mangan,IN,2022-02-13 22:18:04,27.5167,88.5333,49.24,47,1,6.89,clear sky
443,Gigmoto,PH,2022-02-13 22:18:04,13.7796,124.39,76.26,85,82,8.77,broken clouds
444,Doos,PH,2022-02-13 22:18:05,10.4653,124.7294,76.05,88,100,4.47,overcast clouds
445,Matay,EG,2022-02-13 22:18:05,28.419,30.7792,55.11,68,5,16.53,clear sky
446,Tigil,RU,2022-02-13 22:18:06,57.8,158.6667,-7.55,97,100,3.0,overcast clouds
447,Zyryanka,RU,2022-02-13 22:18:06,65.75,150.85,-33.72,96,23,6.73,few clouds
448,Carballo,ES,2022-02-13 22:18:06,43.213,-8.691,50.76,90,37,8.5,scattered clouds
449,Skelleftea,SE,2022-02-13 22:18:07,64.7507,20.9528,34.16,93,0,8.05,clear sky
450,Pangnirtung,CA,2022-02-13 22:18:07,66.1451,-65.7125,-35.3,96,94,5.23,overcast clouds
451,Mabaruma,GY,2022-02-13 22:19:08,8.2,-59.7833,73.56,92,88,5.93,overcast clouds
452,Vestmanna,FO,2022-02-13 22:19:08,62.1564,-7.1664,32.92,64,100,13.8,overcast clouds
453,Gannan,CN,2022-02-13 22:19:09,47.9147,123.5031,-7.65,93,50,5.93,scattered clouds
454,Borisoglebsk,RU,2022-02-13 22:19:09,51.3671,42.0849,12.25,93,15,6.78,few clouds
455,Champerico,GT,2022-02-13 22:19:10,14.3,-91.9167,93.74,58,1,12.88,clear sky
456,Raudeberg,NO,2022-02-13 22:19:10,61.9875,5.1352,38.07,95,100,3.0,light rain
457,Ulladulla,AU,2022-02-13 22:19:10,-35.35,150.4667,69.1,62,100,7.58,overcast clouds
458,Pedernales,DO,2022-02-13 22:19:11,18.0384,-71.744,81.05,65,13,1.79,few clouds
459,Teya,RU,2022-02-13 22:19:11,60.3778,92.6267,-19.44,100,16,3.49,few clouds
460,Lorengau,PG,2022-02-13 22:19:12,-2.0226,147.2712,81.57,78,100,2.89,overcast clouds
461,Fuerte Olimpo,PY,2022-02-13 22:19:12,-21.0415,-57.8738,94.93,29,88,5.66,overcast clouds
462,Sao Lourenco Do Sul,BR,2022-02-13 22:19:12,-31.3653,-51.9783,69.89,62,1,11.56,clear sky
463,Linjiang,CN,2022-02-13 22:19:13,41.8069,126.9078,18.77,95,100,1.39,snow
464,Agadez,NE,2022-02-13 22:19:13,19.75,10.25,62.46,14,2,5.01,clear sky
465,Bage,BR,2022-02-13 22:19:14,-31.3314,-54.1069,69.58,46,0,8.05,clear sky
466,Kenora,CA,2022-02-13 22:17:27,49.8167,-94.4337,-3.03,71,100,6.91,overcast clouds
467,Nakatsugawa,JP,2022-02-13 22:19:14,35.4833,137.5,35.24,90,100,5.68,overcast clouds
468,Hasaki,JP,2022-02-13 22:19:15,35.7333,140.8333,36.28,81,100,31.65,overcast clouds
469,Stara Synyava,UA,2022-02-13 22:19:15,49.6032,27.6191,29.39,68,2,12.01,clear sky
470,Olafsvik,IS,2022-02-13 22:19:15,64.8945,-23.7142,31.6,84,100,12.06,snow
471,Marsa Matruh,EG,2022-02-13 22:19:16,31.3525,27.2453,56.61,69,2,7.61,clear sky
472,Sobolevo,RU,2022-02-13 22:19:16,54.4299,31.8996,22.75,85,66,12.64,broken clouds
473,Reidsville,US,2022-02-13 22:19:17,36.3549,-79.6645,40.62,70,0,3.44,clear sky
474,Wuda,CN,2022-02-13 22:19:17,39.4994,106.7117,12.87,74,100,1.9,overcast clouds
475,Montepuez,MZ,2022-02-13 22:19:18,-13.1256,38.9997,68.79,99,96,2.28,moderate rain
476,Tura,IN,2022-02-13 22:15:11,25.5198,90.2201,53.65,72,0,4.7,clear sky
477,Busia,UG,2022-02-13 22:19:18,0.4544,34.0758,71.53,69,99,3.29,overcast clouds
478,Alice Springs,AU,2022-02-13 22:19:19,-23.7,133.8833,67.55,60,0,4.61,clear sky
479,Ko Samui,TH,2022-02-13 22:19:19,9.5357,99.9357,81.19,79,90,11.92,overcast clouds
480,Mrakovo,RU,2022-02-13 22:19:19,52.7161,56.6244,8.04,99,100,0.58,overcast clouds
481,Tricase,IT,2022-02-13 22:19:20,39.9304,18.3553,44.82,77,1,5.57,clear sky
482,Yatou,CN,2022-02-13 22:19:20,37.15,122.3833,35.1,98,100,9.1,snow
483,Karwar,IN,2022-02-13 22:19:21,14.8,74.1333,71.69,71,1,4.92,clear sky
484,Bucerias,MX,2022-02-13 22:15:36,20.75,-105.3333,76.98,61,75,8.05,broken clouds
485,Manggar,ID,2022-02-13 22:19:21,-2.8833,108.2667,77.05,86,95,1.28,overcast clouds
486,Hay River,CA,2022-02-13 22:15:47,60.8156,-115.7999,-7.62,71,75,2.3,broken clouds
487,Meulaboh,ID,2022-02-13 22:19:22,4.1363,96.1285,76.26,89,94,5.23,light rain
488,Padang,ID,2022-02-13 22:19:22,-0.9492,100.3543,76.19,82,99,4.36,overcast clouds
489,Hualmay,PE,2022-02-13 22:19:23,-11.0964,-77.6139,74.97,72,9,11.59,clear sky
490,Laguna,US,2022-02-13 22:19:23,38.421,-121.4238,80.44,37,0,1.99,clear sky
491,Katherine,AU,2022-02-13 22:19:23,-14.4667,132.2667,77.32,88,59,2.3,broken clouds
492,Bongandanga,CD,2022-02-13 22:19:24,1.5,21.05,77.81,30,84,1.3,broken clouds
493,La Rioja,ES,2022-02-13 22:16:21,42.25,-2.5,43.32,84,100,9.04,overcast clouds
494,San Cristobal,VE,2022-02-13 22:19:24,7.7669,-72.225,78.98,43,95,1.3,overcast clouds
495,Klaksvik,FO,2022-02-13 22:19:25,62.2266,-6.589,34.72,70,100,30.11,overcast clouds
496,Palana,RU,2022-02-13 22:19:25,59.1167,159.9667,-6.36,93,88,6.71,overcast clouds
497,Srednekolymsk,RU,2022-02-13 22:19:26,67.45,153.6833,-34.1,99,22,6.22,few clouds
498,Northam,GB,2022-02-13 22:19:26,51.0333,-4.2167,46.62,90,100,21.47,overcast clouds
499,Pacific Grove,US,2022-02-13 22:19:45,36.6177,-121.9166,85.57,62,0,7.0,clear sky
500,Mutsu,JP,2022-02-13 22:20:27,41.2894,141.2169,14.32,79,56,7.38,broken clouds
501,Sosnovo-Ozerskoye,RU,2022-02-13 22:20:27,52.5249,111.5418,-27.17,100,98,4.45,overcast clouds
502,Mopipi,BW,2022-02-13 22:20:30,-21.1833,24.8833,76.21,35,16,6.13,few clouds
503,Kloulklubed,PW,2022-02-13 22:20:30,7.0419,134.2556,81.18,81,100,22.41,light rain
504,Zhezkazgan,KZ,2022-02-13 22:20:31,47.8043,67.7144,29.91,98,100,15.17,light snow
505,Solnechnyy,RU,2022-02-13 22:20:32,50.7214,136.6319,6.35,96,99,4.56,overcast clouds
506,Puerto Penasco,MX,2022-02-13 22:20:32,31.3167,-113.5333,70.92,48,14,5.99,few clouds
507,Garowe,SO,2022-02-13 22:20:33,8.4054,48.4845,67.23,78,44,10.2,scattered clouds
508,Kudahuvadhoo,MV,2022-02-13 22:20:33,2.6708,72.8944,80.85,79,100,10.04,overcast clouds
509,Anadyr,RU,2022-02-13 22:20:33,64.75,177.4833,-32.3,75,0,8.95,clear sky
510,Bilma,NE,2022-02-13 22:20:34,18.6853,12.9164,68.16,11,0,7.45,clear sky
511,Deer Lake,CA,2022-02-13 22:20:34,49.1667,-57.4316,13.86,67,40,5.75,scattered clouds
512,Boende,CD,2022-02-13 22:20:35,-0.2167,20.8667,78.06,70,98,2.28,overcast clouds
513,Griffith,US,2022-02-13 22:20:35,41.5284,-87.4237,19.89,56,75,8.05,broken clouds
514,Riyadh,SA,2022-02-13 22:20:36,24.6877,46.7219,50.14,31,0,8.59,clear sky
515,Lolodorf,CM,2022-02-13 22:20:36,3.2333,10.7333,70.18,98,36,2.13,scattered clouds
516,Andros Town,BS,2022-02-13 22:20:37,24.7,-77.7667,78.76,65,99,15.39,moderate rain
517,Liaocheng,CN,2022-02-13 22:20:37,36.4439,115.9647,30.15,78,87,11.7,overcast clouds
518,Beloha,MG,2022-02-13 22:20:38,-25.1667,45.05,74.93,88,17,10.98,few clouds
519,Asau,RO,2022-02-13 22:20:38,46.4333,26.4,28.96,85,100,3.83,overcast clouds
520,Kashi,CN,2022-02-13 22:20:38,39.4547,75.9797,32.23,46,0,6.71,clear sky
521,Nan,TH,2022-02-13 22:20:39,18.8333,100.6667,64.2,46,18,2.46,few clouds
522,Ndele,CF,2022-02-13 22:20:39,8.4109,20.6473,74.8,16,100,4.23,overcast clouds
523,Gazanjyk,TM,2022-02-13 22:20:40,39.2446,55.5154,39.87,60,89,9.95,overcast clouds
524,Sangar,RU,2022-02-13 22:17:24,63.9242,127.4739,-37.75,100,44,1.88,scattered clouds
525,Siedlce,PL,2022-02-13 22:20:40,52.1677,22.2901,32.05,66,5,10.69,clear sky
526,Batamshinskiy,KZ,2022-02-13 22:20:41,50.5594,58.2747,19.38,95,92,14.94,overcast clouds
527,Karatsu,JP,2022-02-13 22:20:41,33.4425,129.9697,49.91,49,100,8.01,overcast clouds
528,Temse,BE,2022-02-13 22:20:41,51.1345,4.2085,53.96,66,0,13.8,clear sky
529,Jardim,BR,2022-02-13 22:20:43,-21.4803,-56.1381,89.56,34,78,4.88,broken clouds
530,Hirara,JP,2022-02-13 22:20:43,24.8,125.2833,66.06,94,75,28.77,broken clouds
531,Puerto Padre,CU,2022-02-13 22:20:44,21.195,-76.6028,88.81,66,5,8.99,clear sky
532,Wembley,AU,2022-02-13 22:20:44,-31.9333,115.8,73.09,62,0,12.66,clear sky
533,Maine-Soroa,NE,2022-02-13 22:20:44,13.2114,12.0241,71.24,12,2,7.74,clear sky
534,Jesus,PY,2022-02-13 22:20:45,-27.05,-55.7833,85.01,33,40,7.43,scattered clouds
535,Concarneau,FR,2022-02-13 22:20:45,47.875,-3.9225,48.06,84,100,14.65,overcast clouds
536,Lusaka,ZM,2022-02-13 22:17:48,-15.4067,28.2871,62.31,94,100,3.04,overcast clouds
537,La Crosse,US,2022-02-13 22:16:03,43.8014,-91.2396,13.86,47,0,3.0,clear sky
538,Iguatemi,BR,2022-02-13 22:20:46,-23.6803,-54.5611,83.16,45,48,3.91,scattered clouds
539,Marawi,PH,2022-02-13 22:20:46,7.9986,124.2928,62.65,90,100,2.91,overcast clouds
540,Puerto Cabello,VE,2022-02-13 22:20:47,10.4731,-68.0125,77.02,79,77,11.59,broken clouds
541,Kismayo,SO,2022-02-13 22:20:47,-0.3582,42.5454,77.16,80,52,14.72,broken clouds
542,Plouzane,FR,2022-02-13 22:20:48,48.3833,-4.6167,46.72,84,75,13.8,broken clouds
543,Aykhal,RU,2022-02-13 22:20:48,66.0,111.5,-8.3,50,42,1.32,scattered clouds
544,Anahuac,MX,2022-02-13 22:20:48,27.2333,-100.15,62.1,20,88,4.81,overcast clouds
545,Yenagoa,NG,2022-02-13 22:21:49,4.9247,6.2642,80.33,79,21,4.61,few clouds
546,Vanavara,RU,2022-02-13 22:21:49,60.34,102.2797,-23.57,99,25,4.59,scattered clouds
547,Samarai,PG,2022-02-13 22:21:50,-10.6167,150.6667,81.61,72,34,5.88,scattered clouds
548,Abu Dhabi,AE,2022-02-13 22:19:18,24.4667,54.3667,64.96,76,75,3.44,broken clouds
549,Roma,US,2022-02-13 22:21:20,43.2128,-75.4557,20.12,68,100,10.36,overcast clouds
550,Mizdah,LY,2022-02-13 22:21:51,31.4451,12.9801,51.39,54,74,9.35,broken clouds
551,Kieta,PG,2022-02-13 22:20:20,-6.2167,155.6333,80.76,80,75,1.88,broken clouds
552,Santa Maria,BR,2022-02-13 22:21:51,-29.6842,-53.8069,76.3,41,0,3.44,clear sky
553,Ostersund,SE,2022-02-13 22:21:52,63.1792,14.6357,32.45,93,100,14.97,overcast clouds
554,Swan Hill,AU,2022-02-13 22:21:52,-35.3378,143.5544,82.31,27,29,14.94,scattered clouds
555,Sao Gabriel Da Cachoeira,BR,2022-02-13 22:21:52,-0.1303,-67.0892,75.0,94,75,1.14,very heavy rain
556,Tahoua,NE,2022-02-13 22:21:53,14.8888,5.2692,73.62,10,2,9.78,clear sky
557,Yurginskoye,RU,2022-02-13 22:21:53,56.8189,67.3921,-2.54,100,89,2.39,overcast clouds
558,Sinjar,IQ,2022-02-13 22:21:54,36.3209,41.8754,49.15,38,3,2.19,clear sky
559,Kapoeta,SS,2022-02-13 22:21:54,4.7717,33.5903,84.56,28,61,1.79,broken clouds
560,Amahai,ID,2022-02-13 22:21:54,-3.3333,128.9167,76.3,88,100,1.66,overcast clouds
561,Catuday,PH,2022-02-13 22:21:55,16.2923,119.8062,76.82,79,74,11.05,broken clouds
562,Itarema,BR,2022-02-13 22:20:42,-2.9248,-39.9167,79.7,78,8,14.05,clear sky
563,Klamath Falls,US,2022-02-13 22:21:31,42.2249,-121.7817,62.51,23,0,9.22,clear sky
564,Sabla,NG,2022-02-13 22:21:56,12.7525,4.7077,76.87,11,82,9.66,broken clouds
565,Wamba,NG,2022-02-13 22:21:56,8.9333,8.6,77.63,14,18,4.72,few clouds
566,Tautira,PF,2022-02-13 22:21:56,-17.7333,-149.15,87.82,76,82,16.55,light rain
567,Nabire,ID,2022-02-13 22:21:57,-3.3667,135.4833,75.96,91,100,3.09,overcast clouds
568,Palmas,BR,2022-02-13 22:21:57,-10.2128,-48.3603,84.07,70,40,5.75,thunderstorm
569,Novopokrovka,UA,2022-02-13 22:21:58,49.8425,36.5477,19.78,96,8,4.07,clear sky
570,Banda Aceh,ID,2022-02-13 22:21:58,5.5577,95.3222,77.95,77,48,5.28,scattered clouds
571,Altamirano,MX,2022-02-13 22:21:59,16.8833,-92.15,53.1,100,98,4.38,overcast clouds
572,Oktyabrskoye,RU,2022-02-13 22:21:59,43.0645,44.7417,28.54,86,15,11.18,few clouds
573,Awbari,LY,2022-02-13 22:19:30,26.5921,12.7805,54.12,26,0,9.44,clear sky
574,Healdsburg,US,2022-02-13 22:17:40,38.6105,-122.8692,81.68,38,0,6.91,clear sky
575,Isoka,ZM,2022-02-13 22:22:00,-10.1606,32.6335,60.4,96,92,2.33,overcast clouds
576,Kysyl-Syr,RU,2022-02-13 22:22:00,63.8986,122.7617,-28.68,100,99,0.6,overcast clouds
577,Tarbagatay,RU,2022-02-13 22:22:01,51.4803,107.3602,-33.27,100,73,1.88,broken clouds
578,Bristol,US,2022-02-13 22:19:04,41.8334,-71.1662,30.92,91,100,5.99,snow
579,Muisne,EC,2022-02-13 22:21:19,0.6,-80.0333,82.51,82,100,6.15,light rain
580,Sorland,NO,2022-02-13 22:22:02,67.667,12.6934,33.21,55,100,23.17,overcast clouds
581,Mortka,RU,2022-02-13 22:22:02,59.3322,66.0214,-14.85,100,81,3.29,broken clouds
582,Nanakuli,US,2022-02-13 22:22:02,21.3906,-158.1547,80.55,50,0,10.36,clear sky
583,Pascagoula,US,2022-02-13 22:18:45,30.3658,-88.5561,56.03,26,0,13.8,clear sky
584,Porto Nacional,BR,2022-02-13 22:22:03,-10.7081,-48.4172,84.2,93,62,1.03,broken clouds
585,Porto Novo,BJ,2022-02-13 22:22:03,6.4965,2.6036,81.48,78,11,10.29,few clouds
586,San Francisco,US,2022-02-13 22:17:08,37.7749,-122.4194,80.53,51,4,8.99,clear sky
587,Praia,CV,2022-02-13 22:22:04,14.9215,-23.5087,72.14,78,0,17.27,clear sky
588,Saint-Denis,FR,2022-02-13 22:17:15,48.9167,2.3333,55.56,66,100,17.27,overcast clouds
589,Havelock,US,2022-02-13 22:22:05,34.8791,-76.9013,46.06,87,100,5.01,overcast clouds
590,Eisiskes,LT,2022-02-13 22:22:05,54.1667,25.0,28.18,79,74,10.65,broken clouds
591,Ankang,CN,2022-02-13 22:22:05,32.68,109.0172,42.73,68,17,2.24,few clouds
592,Bayanday,RU,2022-02-13 22:23:06,53.0661,105.5139,-26.91,100,87,7.31,overcast clouds
593,Bollnas,SE,2022-02-13 22:23:06,61.3482,16.3946,39.38,82,99,12.97,overcast clouds
594,Entre Rios,BR,2022-02-13 22:23:07,-11.9419,-38.0844,76.86,81,100,6.26,overcast clouds
595,Santa Cruz De Tenerife,ES,2022-02-13 22:23:07,28.4682,-16.2546,65.01,85,40,11.5,scattered clouds
596,Jacareacanga,BR,2022-02-13 22:23:08,-6.2222,-57.7528,76.17,95,80,0.69,broken clouds
597,Wodonga,AU,2022-02-13 22:23:08,-36.1167,146.8833,79.27,89,88,2.3,overcast clouds
598,Srivardhan,IN,2022-02-13 22:23:08,18.0333,73.0167,70.45,68,3,6.73,clear sky
599,Hongjiang,CN,2022-02-13 22:23:09,27.11,109.9956,42.46,90,99,2.39,overcast clouds
600,Buta,CD,2022-02-13 22:23:09,2.7858,24.73,73.38,38,79,1.7,broken clouds
601,Kuhdasht,IR,2022-02-13 22:23:10,33.535,47.6061,38.71,44,0,3.8,clear sky
602,Port Hedland,AU,2022-02-13 22:23:10,-20.3167,118.5667,80.65,74,7,9.22,clear sky
603,Kesova Gora,RU,2022-02-13 22:23:11,57.5836,37.2922,28.24,87,100,13.22,light snow
604,Jevargi,IN,2022-02-13 22:23:11,17.0167,76.7667,69.94,35,3,7.65,clear sky
605,Kalaswala,PK,2022-02-13 22:23:12,32.2009,74.6491,53.56,86,82,3.74,broken clouds
606,Neryungri,RU,2022-02-13 22:23:12,56.6709,124.6491,-36.2,100,67,2.04,broken clouds
607,Chichimila,MX,2022-02-13 22:23:13,20.6167,-88.2167,76.3,63,73,7.87,broken clouds
608,Weligama,LK,2022-02-13 22:23:13,5.9667,80.4167,73.18,87,99,8.55,overcast clouds
609,Kulhudhuffushi,MV,2022-02-13 22:23:13,6.6221,73.07,79.11,80,99,5.86,overcast clouds
610,Wewak,PG,2022-02-13 22:23:14,-3.5534,143.6268,78.03,87,100,5.08,overcast clouds
611,Placido De Castro,BR,2022-02-13 22:23:14,-10.3353,-67.1856,74.5,96,100,2.06,overcast clouds
612,San Jeronimo,PE,2022-02-13 22:23:15,-11.9472,-75.2829,52.48,83,100,3.65,light rain
613,Kamennomostskiy,RU,2022-02-13 22:23:15,44.2983,40.1856,27.99,89,42,3.31,scattered clouds
614,Garca,BR,2022-02-13 22:23:15,-22.2106,-49.6561,85.19,71,35,3.38,scattered clouds
615,Mirnyy,RU,2022-02-13 22:23:16,62.5353,113.9611,-24.68,100,94,2.51,overcast clouds
616,Jiayuguan,CN,2022-02-13 22:23:16,39.8167,98.3,23.97,56,100,4.12,overcast clouds
617,Xinzhou,CN,2022-02-13 22:23:17,38.4092,112.7333,18.05,59,4,4.97,clear sky
618,Novaya Igirma,RU,2022-02-13 22:23:17,57.1334,103.9112,-32.01,100,19,1.63,few clouds
619,Richards Bay,ZA,2022-02-13 22:21:39,-28.783,32.0377,75.87,92,70,5.08,broken clouds
620,Mackay,AU,2022-02-13 22:23:18,-21.15,149.2,81.68,73,42,21.5,scattered clouds
621,Dakar,SN,2022-02-13 22:22:27,14.6937,-17.4441,72.48,68,0,11.5,clear sky
622,Amboasary,MG,2022-02-13 22:23:18,-25.0333,46.3833,78.64,93,0,5.57,clear sky
623,Saint Pete Beach,US,2022-02-13 22:23:19,27.7253,-82.7412,68.29,71,0,14.97,clear sky
624,Chabahar,IR,2022-02-13 22:23:19,25.2919,60.643,70.92,68,74,7.0,broken clouds
625,Yarim,YE,2022-02-13 22:23:19,14.298,44.3779,51.17,62,3,1.59,clear sky
626,Braganca,BR,2022-02-13 22:23:20,-1.0536,-46.7656,74.98,97,100,2.1,moderate rain
627,Palaia Fokaia,GR,2022-02-13 22:23:20,37.72,23.9463,49.96,69,50,14.27,scattered clouds
628,Nusaybin,TR,2022-02-13 22:23:21,37.0778,41.2178,47.01,40,17,4.43,few clouds
629,Nacozari,MX,2022-02-13 22:23:21,25.3366,-108.2574,86.05,21,100,9.06,overcast clouds
630,Lujan,AR,2022-02-13 22:20:03,-34.5703,-59.105,78.98,40,0,3.0,clear sky
631,Itoman,JP,2022-02-13 22:23:22,26.1247,127.6694,64.78,94,75,24.16,broken clouds
632,Tolbazy,RU,2022-02-13 22:19:16,54.0241,55.8825,18.36,96,100,2.37,snow
633,Paita,PE,2022-02-13 22:23:22,-5.0892,-81.1144,81.16,71,11,14.9,few clouds
634,Chara,RU,2022-02-13 22:21:54,56.9064,118.2631,-25.6,83,71,1.14,broken clouds
635,Nouadhibou,MR,2022-02-13 22:23:23,20.931,-17.0347,66.18,77,100,18.41,overcast clouds
636,Prachuap Khiri Khan,TH,2022-02-13 22:23:23,12.2167,99.75,78.69,89,35,2.57,scattered clouds
637,Umm Lajj,SA,2022-02-13 22:23:24,25.0213,37.2685,67.05,35,0,14.07,clear sky
638,Fort Saint James,CA,2022-02-13 22:23:24,54.4333,-124.25,35.76,89,100,2.1,overcast clouds
639,Kailua,US,2022-02-13 22:24:24,21.4022,-157.7394,80.58,65,40,13.8,scattered clouds
640,Bathsheba,BB,2022-02-13 22:20:16,13.2167,-59.5167,79.41,69,20,17.27,few clouds
641,Khuzhir,RU,2022-02-13 22:24:25,53.1939,107.3397,-4.32,96,64,12.86,broken clouds
642,Rio Grande,BR,2022-02-13 22:21:29,-32.035,-52.0986,69.94,48,0,14.43,clear sky
643,Dutse,NG,2022-02-13 22:24:26,11.7594,9.3392,70.5,13,5,8.63,clear sky
644,Naryan-Mar,RU,2022-02-13 22:22:07,67.6713,53.087,-1.19,99,54,8.48,broken clouds
645,Qui Nhon,VN,2022-02-13 22:24:26,13.7667,109.2333,74.52,90,96,8.86,overcast clouds
646,Khategaon,IN,2022-02-13 22:24:27,22.6,76.9167,60.75,31,2,6.38,clear sky
647,Khani,GE,2022-02-13 22:24:27,41.9563,42.9566,31.57,84,86,6.73,overcast clouds
648,Pong,TH,2022-02-13 22:24:27,19.1493,100.2752,62.19,48,48,1.95,scattered clouds
649,Inuvik,CA,2022-02-13 22:22:04,68.3499,-133.7218,-24.74,75,75,1.14,broken clouds
650,Shelburne,CA,2022-02-13 22:24:28,44.0787,-80.2041,12.76,63,100,5.08,light snow
651,Antofagasta,CL,2022-02-13 22:22:33,-23.65,-70.4,74.21,59,85,9.28,overcast clouds
652,Tilichiki,RU,2022-02-13 22:24:28,60.4667,166.1,-18.33,93,7,9.55,clear sky
653,Siverskiy,RU,2022-02-13 22:24:29,59.3544,30.0783,32.9,94,100,12.93,snow
654,Poya,NC,2022-02-13 22:24:29,-21.35,165.15,83.66,71,100,3.33,overcast clouds
655,Lasem,ID,2022-02-13 22:24:30,-6.6922,111.4527,74.84,94,100,5.17,light rain
656,Baltay,RU,2022-02-13 22:24:30,52.4652,46.6308,25.0,93,93,12.17,overcast clouds
657,Hobyo,SO,2022-02-13 22:23:08,5.3505,48.5268,77.9,72,89,16.24,overcast clouds
658,Auray,FR,2022-02-13 22:23:10,47.6703,-2.9918,48.74,95,100,16.42,overcast clouds
659,Kahramanmaras,TR,2022-02-13 22:24:31,38.0,37.0,32.63,52,100,2.08,overcast clouds
660,La Asuncion,VE,2022-02-13 22:24:31,11.0333,-63.8628,77.47,77,94,19.15,overcast clouds
661,Wanaka,NZ,2022-02-13 22:24:32,-44.7,169.15,57.11,63,0,3.0,clear sky
662,Port Hardy,CA,2022-02-13 22:24:32,50.6996,-127.4199,50.76,62,100,11.5,overcast clouds
663,Pierre,US,2022-02-13 22:20:37,44.3683,-100.351,47.32,37,0,14.97,clear sky
664,Koutsouras,GR,2022-02-13 22:24:33,35.0339,25.9469,55.11,65,40,9.15,scattered clouds
665,Road Town,VG,2022-02-13 22:22:19,18.4167,-64.6167,77.04,83,40,11.5,scattered clouds
666,Tairua,NZ,2022-02-13 22:21:51,-37.0167,175.85,67.6,62,5,4.74,clear sky
